customer_id,customer_name,exception_count,financial_exposure
CUST004330,Nikhil Kumar,6,3665.64
CUST007607,Sneha Joshi,5,26675.74
CUST001568,Kavya Reddy,5,23971.44
CUST006483,Ananya Rao,5,18941.07
CUST008693,Rahul Reddy,5,14505.43
CUST000243,Amit Nair,5,0.0
CUST000649,Aditya Iyer,4,68763.58
CUST004766,Rahul Nair,4,42754.649999999994
CUST001845,Aditya Reddy,4,33404.25
CUST002211,Aditya Das,4,27268.28
CUST008740,Pooja Gupta,4,23442.62
CUST006610,Arjun Sharma,4,17896.39
CUST000170,Priya Singh,4,17413.36
CUST004040,Ananya Mishra,4,16798.53
CUST005240,Arjun Sharma,4,12694.4
CUST001270,Aditya Reddy,4,11847.4
CUST009027,Priya Reddy,4,10365.26
CUST000463,Rohan Kapoor,4,8413.189999999999
CUST004550,Rohan Reddy,4,7319.68
CUST005969,Nikhil Sharma,4,5151.99
CUST008389,Vikram Joshi,4,4547.37
CUST003411,Priya Joshi,4,0.0
CUST003463,Amit Verma,4,0.0
CUST003848,Amit Mishra,4,0.0
CUST004215,Rohan Kumar,4,0.0
CUST005419,Ananya Patel,4,0.0
CUST005550,Priya Nair,4,0.0
CUST005619,Meera Kapoor,4,0.0
CUST008075,Priya Verma,4,0.0
CUST008766,Sneha Mehta,4,0.0
CUST000681,Meera Gupta,3,56185.369999999995
CUST005223,Karan Iyer,3,41575.38
CUST008214,Neha Singh,3,38747.29
CUST009737,Nikhil Joshi,3,36985.66
CUST003195,Sneha Nair,3,36881.51
CUST004244,Aditya Reddy,3,35036.04
CUST001307,Karan Joshi,3,33404.76
CUST003206,Neha Nair,3,32824.79
CUST008704,Aditya Singh,3,30509.71
CUST003346,Meera Rao,3,29594.58
CUST005990,Pooja Nair,3,28889.0
CUST008875,Kavya Rao,3,24843.6
CUST001608,Sneha Kumar,3,24668.17
CUST007695,Rahul Rao,3,24302.56
CUST009072,Vikram Verma,3,23301.05
CUST003683,Amit Das,3,23013.42
CUST001815,Nikhil Mishra,3,22689.14
CUST009752,Karan Gupta,3,21495.36
CUST009085,Kavya Rao,3,19095.85
CUST002900,Meera Iyer,3,18275.45
CUST004038,Amit Joshi,3,18232.96
CUST005603,Vikram Sharma,3,17041.29
CUST005469,Nikhil Reddy,3,16220.34
CUST002003,Ananya Mishra,3,15058.18
CUST008668,Pooja Sharma,3,14833.9
CUST002896,Meera Singh,3,14727.33
CUST001021,Arjun Singh,3,14545.38
CUST004850,Rahul Kumar,3,13242.78
CUST001459,Meera Das,3,12677.44
CUST003499,Meera Iyer,3,12652.49
CUST007908,Karan Mehta,3,12551.38
CUST001652,Priya Rao,3,12522.18
CUST005004,Kavya Nair,3,12179.57
CUST007831,Meera Patel,3,12069.26
CUST007280,Neha Iyer,3,11699.64
CUST002330,Karan Gupta,3,11611.93
CUST002975,Pooja Joshi,3,11179.34
CUST002151,Aditya Das,3,10940.43
CUST008507,Rahul Kumar,3,10932.33
CUST004575,Kavya Nair,3,10577.55
CUST000607,Meera Mishra,3,10382.85
CUST006640,Rahul Kapoor,3,10343.59
CUST005146,Neha Reddy,3,10108.28
CUST000493,Amit Kapoor,3,9878.17
CUST005933,Priya Mishra,3,9491.48
CUST008227,Kavya Kumar,3,9261.86
CUST005053,Amit Sharma,3,9024.06
CUST001552,Meera Nair,3,8399.85
CUST007648,Amit Sharma,3,7960.17
CUST005667,Arjun Patel,3,7875.01
CUST008691,Kavya Nair,3,7286.82
CUST007455,Vikram Patel,3,6596.39
CUST007076,Karan Mehta,3,6424.09
CUST009182,Karan Gupta,3,6049.42
CUST003783,Aditya Rao,3,5732.18
CUST006176,Kavya Rao,3,5645.1
CUST001995,Ananya Das,3,5324.73
CUST000134,Neha Mehta,3,5097.46
CUST002276,Vikram Singh,3,5091.07
CUST001718,Rahul Reddy,3,4791.22
CUST001725,Karan Kumar,3,4691.66
CUST007253,Priya Kapoor,3,4380.85
CUST006691,Kavya Iyer,3,4270.63
CUST009624,Neha Joshi,3,3057.06
CUST005930,Rohan Nair,3,2889.32
CUST006655,Sneha Patel,3,2835.25
CUST003016,Nikhil Rao,3,2011.06
CUST006266,Rohan Reddy,3,1660.01
CUST000697,Kavya Verma,3,1022.57
CUST009630,Vikram Mehta,3,812.29
CUST009514,Sneha Rao,3,684.36
CUST000852,Kavya Kapoor,3,678.39
CUST004685,Amit Kumar,3,660.46
CUST000596,Vikram Nair,3,380.03
CUST001791,Priya Verma,3,249.24
CUST001098,Pooja Joshi,3,176.19
CUST000811,Aditya Singh,3,0.0
CUST001314,Ananya Gupta,3,0.0
CUST001365,Ananya Rao,3,0.0
CUST001476,Amit Rao,3,0.0
CUST001553,Karan Gupta,3,0.0
CUST001790,Neha Patel,3,0.0
CUST002257,Rahul Mishra,3,0.0
CUST002267,Arjun Sharma,3,0.0
CUST002322,Vikram Joshi,3,0.0
CUST002514,Kavya Patel,3,0.0
CUST002998,Nikhil Singh,3,0.0
CUST003133,Kavya Gupta,3,0.0
CUST003165,Vikram Gupta,3,0.0
CUST004230,Meera Singh,3,0.0
CUST004502,Pooja Joshi,3,0.0
CUST004511,Karan Patel,3,0.0
CUST004515,Kavya Verma,3,0.0
CUST004859,Nikhil Kumar,3,0.0
CUST005092,Neha Kapoor,3,0.0
CUST005122,Aditya Kapoor,3,0.0
CUST005898,Amit Mehta,3,0.0
CUST006079,Karan Mishra,3,0.0
CUST006127,Ananya Mishra,3,0.0
CUST006361,Aditya Mishra,3,0.0
CUST008191,Vikram Reddy,3,0.0
CUST008405,Priya Reddy,3,0.0
CUST008612,Sneha Mishra,3,0.0
CUST008827,Arjun Sharma,3,0.0
CUST009199,Arjun Joshi,3,0.0
CUST009348,Aditya Mehta,3,0.0
CUST009501,Arjun Mehta,3,0.0
CUST009618,Rahul Sharma,3,0.0
CUST009720,Kavya Rao,3,0.0
CUST009922,Priya Gupta,3,0.0
CUST002125,Aditya Joshi,2,78678.92
CUST006348,Sneha Gupta,2,72206.66
CUST005983,Rahul Nair,2,71714.03
CUST001792,Kavya Kapoor,2,70627.01999999999
CUST008600,Vikram Joshi,2,64981.100000000006
CUST005461,Amit Reddy,2,56356.53
CUST006712,Vikram Rao,2,55809.6
CUST008315,Karan Patel,2,55470.54
CUST008348,Neha Reddy,2,55302.57
CUST004482,Karan Joshi,2,54743.61
CUST002963,Ananya Singh,2,53977.93
CUST005269,Nikhil Iyer,2,51315.28
CUST009427,Sneha Mishra,2,50274.270000000004
CUST009410,Rohan Rao,2,50121.26
CUST005869,Rohan Das,2,49974.16
CUST001547,Aditya Singh,2,49397.58
CUST009302,Karan Kapoor,2,49292.63
CUST008643,Sneha Patel,2,48404.15
CUST009810,Aditya Verma,2,47274.340000000004
CUST009785,Aditya Das,2,46738.53999999999
CUST003964,Sneha Patel,2,46442.06
CUST000337,Ananya Kapoor,2,45716.46
CUST006090,Rahul Joshi,2,45559.2
CUST006335,Ananya Nair,2,42842.72
CUST000009,Aditya Rao,2,42056.99
CUST000948,Ananya Singh,2,40665.45
CUST002607,Karan Mehta,2,40599.5
CUST003208,Sneha Singh,2,40045.46
CUST006287,Rohan Nair,2,39641.03
CUST004024,Vikram Kapoor,2,39181.19
CUST002356,Pooja Joshi,2,38346.25
CUST001025,Neha Sharma,2,37849.04
CUST007063,Vikram Joshi,2,37257.48
CUST001755,Kavya Iyer,2,37217.11
CUST008761,Priya Patel,2,36464.08
CUST008181,Vikram Kapoor,2,35896.58
CUST000059,Karan Kumar,2,35553.45
CUST006616,Kavya Singh,2,34932.29
CUST000633,Aditya Kumar,2,34770.08
CUST000657,Kavya Kapoor,2,34662.59
CUST003290,Rahul Mishra,2,34486.7
CUST009504,Amit Mehta,2,33664.36
CUST000096,Arjun Nair,2,32964.26
CUST000611,Rahul Reddy,2,32721.11
CUST000093,Amit Reddy,2,32424.67
CUST004017,Kavya Gupta,2,32395.82
CUST006929,Sneha Rao,2,31631.579999999998
CUST003584,Aditya Reddy,2,31440.769999999997
CUST001446,Aditya Joshi,2,30951.82
CUST000720,Rohan Verma,2,30612.32
CUST004304,Rahul Kapoor,2,30499.059999999998
CUST009122,Neha Kapoor,2,29326.16
CUST007610,Nikhil Patel,2,28890.36
CUST000083,Aditya Singh,2,28636.87
CUST008748,Vikram Mehta,2,28478.01
CUST008895,Aditya Rao,2,28371.4
CUST006707,Meera Gupta,2,27949.25
CUST006473,Rahul Joshi,2,27701.579999999998
CUST005741,Priya Joshi,2,27587.7
CUST003387,Kavya Gupta,2,27557.239999999998
CUST004375,Kavya Mehta,2,27533.77
CUST009895,Rohan Mishra,2,27504.88
CUST004105,Kavya Rao,2,27394.13
CUST008268,Ananya Mehta,2,27364.5
CUST001378,Neha Joshi,2,27323.44
CUST000732,Ananya Nair,2,27285.84
CUST005751,Arjun Nair,2,27159.56
CUST004695,Ananya Rao,2,26931.52
CUST007718,Pooja Reddy,2,26927.91
CUST004214,Pooja Verma,2,26559.31
CUST009393,Vikram Joshi,2,26476.67
CUST003638,Arjun Iyer,2,26260.65
CUST001959,Sneha Rao,2,26217.56
CUST006195,Sneha Singh,2,26167.22
CUST009814,Priya Kapoor,2,25706.54
CUST002280,Priya Singh,2,25552.010000000002
CUST005899,Rahul Singh,2,24550.01
CUST000712,Kavya Kapoor,2,24542.68
CUST004149,Sneha Sharma,2,23926.93
CUST005504,Priya Das,2,23740.59
CUST003101,Sneha Mishra,2,23138.829999999998
CUST005494,Sneha Mishra,2,22998.43
CUST003389,Kavya Joshi,2,22757.4
CUST002981,Pooja Iyer,2,22245.64
CUST005599,Aditya Verma,2,21352.97
CUST005725,Kavya Nair,2,20458.440000000002
CUST004810,Pooja Gupta,2,20375.949999999997
CUST009805,Rohan Iyer,2,20235.95
CUST009408,Priya Gupta,2,20207.01
CUST006603,Karan Verma,2,20106.07
CUST000295,Kavya Reddy,2,20011.31
CUST005542,Karan Patel,2,19848.58
CUST001370,Amit Mishra,2,19658.84
CUST003187,Priya Sharma,2,19184.87
CUST008742,Vikram Gupta,2,18892.68
CUST009075,Nikhil Iyer,2,18855.84
CUST007884,Ananya Gupta,2,18581.53
CUST004344,Karan Kapoor,2,18088.47
CUST001593,Rohan Verma,2,17922.88
CUST006758,Priya Joshi,2,17863.01
CUST009604,Pooja Joshi,2,17761.92
CUST004943,Meera Patel,2,17660.94
CUST006204,Nikhil Singh,2,17621.88
CUST000798,Vikram Reddy,2,17411.15
CUST000046,Meera Iyer,2,17271.04
CUST001679,Sneha Singh,2,17268.74
CUST004874,Nikhil Patel,2,16597.03
CUST002063,Sneha Patel,2,16026.24
CUST005563,Karan Kapoor,2,15747.04
CUST007657,Rohan Mehta,2,15610.0
CUST000403,Amit Kapoor,2,15489.76
CUST001735,Sneha Verma,2,15422.800000000001
CUST005367,Priya Kapoor,2,15398.5
CUST005586,Meera Iyer,2,15258.869999999999
CUST009971,Meera Das,2,15206.7
CUST003550,Nikhil Verma,2,14995.54
CUST001247,Rahul Joshi,2,14937.01
CUST002555,Sneha Mishra,2,14827.41
CUST008517,Meera Nair,2,14489.32
CUST003334,Neha Sharma,2,13996.34
CUST008392,Pooja Gupta,2,13922.08
CUST009772,Sneha Kapoor,2,13523.14
CUST003803,Pooja Das,2,13485.08
CUST005436,Nikhil Iyer,2,13471.64
CUST005479,Pooja Nair,2,13386.34
CUST001196,Nikhil Kapoor,2,13309.39
CUST002053,Neha Singh,2,13284.24
CUST002139,Pooja Gupta,2,13253.26
CUST004004,Rohan Kapoor,2,12966.5
CUST009930,Pooja Joshi,2,12842.02
CUST009368,Pooja Joshi,2,12796.24
CUST008655,Pooja Rao,2,12698.32
CUST000907,Rohan Joshi,2,12672.65
CUST004717,Arjun Gupta,2,12646.380000000001
CUST003832,Amit Patel,2,12350.77
CUST007677,Kavya Rao,2,12243.82
CUST004712,Neha Das,2,12162.63
CUST007826,Karan Das,2,12126.16
CUST000587,Rahul Singh,2,12089.31
CUST005324,Meera Joshi,2,12008.62
CUST001482,Priya Singh,2,11781.22
CUST007986,Kavya Das,2,11729.21
CUST000299,Neha Sharma,2,11711.49
CUST005305,Rahul Verma,2,11250.49
CUST002605,Meera Das,2,11156.02
CUST008030,Nikhil Verma,2,10509.45
CUST006766,Arjun Reddy,2,10380.91
CUST000594,Priya Das,2,10198.41
CUST006037,Rohan Das,2,9934.2
CUST009988,Aditya Verma,2,9733.74
CUST000187,Sneha Singh,2,9442.1
CUST006228,Aditya Mehta,2,9431.5
CUST004675,Sneha Kumar,2,9239.16
CUST004073,Sneha Rao,2,9173.58
CUST002802,Neha Mishra,2,9011.48
CUST003099,Neha Joshi,2,8950.77
CUST007421,Karan Sharma,2,8840.95
CUST005693,Ananya Mishra,2,8832.13
CUST001266,Kavya Verma,2,8805.16
CUST007052,Kavya Iyer,2,8652.55
CUST008493,Priya Kumar,2,8537.51
CUST000936,Rahul Iyer,2,8526.369999999999
CUST001893,Aditya Gupta,2,8494.38
CUST009841,Aditya Patel,2,8338.77
CUST005418,Ananya Iyer,2,7946.53
CUST008736,Karan Nair,2,7887.08
CUST005917,Arjun Kumar,2,7739.81
CUST004486,Pooja Mishra,2,7639.38
CUST008677,Ananya Nair,2,7628.09
CUST003919,Nikhil Rao,2,7466.83
CUST000701,Priya Gupta,2,7120.42
CUST002843,Pooja Rao,2,7005.54
CUST002032,Neha Mishra,2,6848.16
CUST002159,Kavya Kumar,2,6693.36
CUST000913,Meera Kumar,2,6581.27
CUST008099,Aditya Gupta,2,6369.58
CUST001530,Neha Reddy,2,6069.02
CUST007084,Aditya Rao,2,5782.36
CUST000526,Rohan Reddy,2,5740.34
CUST007483,Ananya Iyer,2,5737.43
CUST001189,Amit Singh,2,5715.77
CUST000797,Pooja Singh,2,5662.08
CUST004188,Amit Verma,2,5606.27
CUST004053,Nikhil Mehta,2,5235.16
CUST005512,Aditya Singh,2,5220.79
CUST009307,Nikhil Mishra,2,5002.7
CUST000392,Pooja Kapoor,2,4937.16
CUST001384,Vikram Reddy,2,4890.26
CUST003355,Aditya Mishra,2,4805.5
CUST009322,Karan Mishra,2,4591.75
CUST005235,Aditya Reddy,2,4583.55
CUST009668,Arjun Verma,2,4489.63
CUST003373,Arjun Gupta,2,4120.26
CUST000440,Rahul Mishra,2,4090.16
CUST003181,Pooja Rao,2,3934.13
CUST005572,Nikhil Reddy,2,3881.74
CUST006878,Amit Singh,2,3874.11
CUST001346,Sneha Das,2,3747.29
CUST003953,Nikhil Verma,2,3673.89
CUST009591,Rohan Joshi,2,3615.25
CUST000527,Amit Das,2,3368.68
CUST003023,Amit Sharma,2,2873.64
CUST000658,Arjun Kapoor,2,2825.69
CUST006992,Amit Kapoor,2,2586.94
CUST002779,Aditya Mehta,2,2553.35
CUST001561,Neha Kapoor,2,2490.26
CUST007917,Aditya Gupta,2,2411.42
CUST004875,Vikram Singh,2,2351.44
CUST000771,Amit Rao,2,2300.4
CUST001510,Kavya Kumar,2,2286.0
CUST007832,Ananya Sharma,2,2273.46
CUST002879,Rohan Sharma,2,2167.9
CUST000294,Arjun Patel,2,2046.1000000000001
CUST007383,Sneha Kapoor,2,1995.23
CUST005248,Nikhil Mishra,2,1961.45
CUST008690,Sneha Sharma,2,1948.28
CUST003961,Karan Mehta,2,1894.54
CUST006528,Nikhil Nair,2,1779.33
CUST005069,Karan Patel,2,1708.47
CUST004290,Neha Kumar,2,1536.2800000000002
CUST006027,Nikhil Reddy,2,1435.05
CUST001638,Vikram Nair,2,1365.18
CUST007145,Rohan Mehta,2,1320.97
CUST004521,Rohan Singh,2,1268.73
CUST006804,Pooja Sharma,2,1069.47
CUST001379,Vikram Mishra,2,703.38
CUST004505,Vikram Kapoor,2,657.91
CUST000924,Neha Sharma,2,513.69
CUST002131,Karan Iyer,2,248.52
CUST000470,Rohan Reddy,2,152.55
CUST004170,Pooja Reddy,2,145.45
CUST001926,Pooja Singh,2,16.18
CUST000043,Sneha Nair,2,0.0
CUST000075,Kavya Das,2,0.0
CUST000151,Neha Gupta,2,0.0
CUST000180,Neha Gupta,2,0.0
CUST000213,Amit Iyer,2,0.0
CUST000228,Ananya Das,2,0.0
CUST000284,Aditya Gupta,2,0.0
CUST000307,Aditya Mishra,2,0.0
CUST000352,Arjun Das,2,0.0
CUST000355,Aditya Das,2,0.0
CUST000386,Neha Das,2,0.0
CUST000399,Priya Sharma,2,0.0
CUST000408,Priya Das,2,0.0
CUST000427,Aditya Reddy,2,0.0
CUST000430,Pooja Rao,2,0.0
CUST000479,Ananya Kapoor,2,0.0
CUST000495,Vikram Verma,2,0.0
CUST000519,Neha Reddy,2,0.0
CUST000550,Neha Rao,2,0.0
CUST000581,Neha Verma,2,0.0
CUST000635,Nikhil Nair,2,0.0
CUST000646,Karan Joshi,2,0.0
CUST000655,Amit Mehta,2,0.0
CUST000661,Neha Gupta,2,0.0
CUST000695,Rahul Patel,2,0.0
CUST000707,Karan Iyer,2,0.0
CUST000773,Ananya Kumar,2,0.0
CUST000835,Amit Kumar,2,0.0
CUST000853,Pooja Mishra,2,0.0
CUST000882,Priya Iyer,2,0.0
CUST000883,Pooja Nair,2,0.0
CUST000884,Aditya Verma,2,0.0
CUST000909,Meera Rao,2,0.0
CUST001064,Aditya Gupta,2,0.0
CUST001070,Ananya Nair,2,0.0
CUST001076,Rohan Singh,2,0.0
CUST001101,Vikram Reddy,2,0.0
CUST001110,Neha Patel,2,0.0
CUST001134,Sneha Verma,2,0.0
CUST001138,Neha Nair,2,0.0
CUST001195,Aditya Patel,2,0.0
CUST001197,Kavya Singh,2,0.0
CUST001212,Karan Iyer,2,0.0
CUST001228,Ananya Das,2,0.0
CUST001243,Pooja Iyer,2,0.0
CUST001290,Ananya Kumar,2,0.0
CUST001313,Priya Mishra,2,0.0
CUST001363,Aditya Iyer,2,0.0
CUST001391,Ananya Mishra,2,0.0
CUST001398,Aditya Kapoor,2,0.0
CUST001432,Rahul Nair,2,0.0
CUST001433,Rahul Rao,2,0.0
CUST001453,Meera Verma,2,0.0
CUST001497,Vikram Joshi,2,0.0
CUST001508,Karan Reddy,2,0.0
CUST001535,Pooja Iyer,2,0.0
CUST001563,Pooja Patel,2,0.0
CUST001575,Rahul Kumar,2,0.0
CUST001583,Neha Sharma,2,0.0
CUST001622,Nikhil Joshi,2,0.0
CUST001628,Neha Das,2,0.0
CUST001732,Arjun Gupta,2,0.0
CUST001738,Nikhil Mehta,2,0.0
CUST001747,Arjun Mehta,2,0.0
CUST001749,Nikhil Iyer,2,0.0
CUST001793,Rahul Reddy,2,0.0
CUST001805,Aditya Mehta,2,0.0
CUST001837,Sneha Das,2,0.0
CUST001885,Vikram Singh,2,0.0
CUST001916,Neha Kapoor,2,0.0
CUST001935,Aditya Reddy,2,0.0
CUST001958,Kavya Mehta,2,0.0
CUST001984,Priya Mehta,2,0.0
CUST002078,Arjun Mehta,2,0.0
CUST002087,Pooja Mehta,2,0.0
CUST002092,Vikram Kapoor,2,0.0
CUST002100,Meera Reddy,2,0.0
CUST002132,Arjun Rao,2,0.0
CUST002146,Karan Gupta,2,0.0
CUST002172,Aditya Patel,2,0.0
CUST002173,Rahul Kumar,2,0.0
CUST002189,Rohan Verma,2,0.0
CUST002202,Vikram Kumar,2,0.0
CUST002214,Arjun Nair,2,0.0
CUST002242,Meera Sharma,2,0.0
CUST002332,Rahul Das,2,0.0
CUST002380,Vikram Mishra,2,0.0
CUST002419,Vikram Kumar,2,0.0
CUST002424,Ananya Verma,2,0.0
CUST002436,Aditya Rao,2,0.0
CUST002439,Ananya Sharma,2,0.0
CUST002447,Pooja Patel,2,0.0
CUST002477,Meera Kapoor,2,0.0
CUST002495,Priya Mehta,2,0.0
CUST002523,Rohan Kumar,2,0.0
CUST002564,Arjun Reddy,2,0.0
CUST002592,Nikhil Kapoor,2,0.0
CUST002612,Priya Mehta,2,0.0
CUST002632,Meera Kapoor,2,0.0
CUST002633,Amit Kumar,2,0.0
CUST002649,Ananya Reddy,2,0.0
CUST002672,Nikhil Gupta,2,0.0
CUST002752,Karan Nair,2,0.0
CUST002756,Karan Patel,2,0.0
CUST002765,Rohan Kumar,2,0.0
CUST002798,Aditya Reddy,2,0.0
CUST002832,Rahul Mishra,2,0.0
CUST002863,Arjun Mehta,2,0.0
CUST002890,Neha Mishra,2,0.0
CUST002907,Amit Mishra,2,0.0
CUST002949,Rahul Das,2,0.0
CUST002959,Sneha Reddy,2,0.0
CUST003026,Priya Singh,2,0.0
CUST003032,Pooja Verma,2,0.0
CUST003033,Kavya Gupta,2,0.0
CUST003062,Rahul Iyer,2,0.0
CUST003103,Karan Sharma,2,0.0
CUST003157,Aditya Rao,2,0.0
CUST003159,Vikram Sharma,2,0.0
CUST003298,Sneha Das,2,0.0
CUST003336,Priya Verma,2,0.0
CUST003349,Amit Nair,2,0.0
CUST003403,Arjun Joshi,2,0.0
CUST003439,Rahul Reddy,2,0.0
CUST003458,Aditya Kumar,2,0.0
CUST003471,Rahul Rao,2,0.0
CUST003485,Rohan Kapoor,2,0.0
CUST003523,Neha Mehta,2,0.0
CUST003527,Neha Joshi,2,0.0
CUST003565,Ananya Kumar,2,0.0
CUST003598,Aditya Rao,2,0.0
CUST003605,Vikram Sharma,2,0.0
CUST003607,Sneha Kapoor,2,0.0
CUST003635,Nikhil Rao,2,0.0
CUST003640,Rohan Gupta,2,0.0
CUST003662,Vikram Rao,2,0.0
CUST003665,Aditya Sharma,2,0.0
CUST003679,Neha Joshi,2,0.0
CUST003744,Arjun Sharma,2,0.0
CUST003752,Rahul Kumar,2,0.0
CUST003765,Meera Gupta,2,0.0
CUST003781,Arjun Kapoor,2,0.0
CUST003811,Nikhil Das,2,0.0
CUST003912,Sneha Kapoor,2,0.0
CUST003933,Amit Sharma,2,0.0
CUST004009,Kavya Kumar,2,0.0
CUST004068,Amit Verma,2,0.0
CUST004089,Kavya Joshi,2,0.0
CUST004097,Aditya Mehta,2,0.0
CUST004104,Rohan Joshi,2,0.0
CUST004115,Karan Joshi,2,0.0
CUST004132,Amit Reddy,2,0.0
CUST004141,Vikram Singh,2,0.0
CUST004181,Nikhil Iyer,2,0.0
CUST004183,Aditya Gupta,2,0.0
CUST004225,Ananya Rao,2,0.0
CUST004247,Neha Sharma,2,0.0
CUST004256,Aditya Reddy,2,0.0
CUST004261,Ananya Verma,2,0.0
CUST004278,Neha Patel,2,0.0
CUST004319,Rahul Mehta,2,0.0
CUST004353,Pooja Rao,2,0.0
CUST004356,Ananya Iyer,2,0.0
CUST004373,Pooja Iyer,2,0.0
CUST004384,Priya Mehta,2,0.0
CUST004436,Rahul Gupta,2,0.0
CUST004450,Aditya Rao,2,0.0
CUST004522,Amit Sharma,2,0.0
CUST004565,Kavya Reddy,2,0.0
CUST004577,Pooja Verma,2,0.0
CUST004583,Priya Nair,2,0.0
CUST004616,Neha Singh,2,0.0
CUST004633,Karan Patel,2,0.0
CUST004640,Vikram Gupta,2,0.0
CUST004705,Meera Mishra,2,0.0
CUST004723,Arjun Singh,2,0.0
CUST004741,Priya Iyer,2,0.0
CUST004774,Arjun Verma,2,0.0
CUST004812,Rohan Sharma,2,0.0
CUST004847,Aditya Joshi,2,0.0
CUST004883,Priya Kumar,2,0.0
CUST004931,Aditya Kapoor,2,0.0
CUST004939,Amit Reddy,2,0.0
CUST004946,Kavya Gupta,2,0.0
CUST004971,Nikhil Kapoor,2,0.0
CUST004978,Rahul Verma,2,0.0
CUST005051,Karan Mishra,2,0.0
CUST005061,Rohan Das,2,0.0
CUST005097,Kavya Kapoor,2,0.0
CUST005132,Ananya Das,2,0.0
CUST005165,Neha Kumar,2,0.0
CUST005167,Kavya Reddy,2,0.0
CUST005261,Meera Das,2,0.0
CUST005292,Sneha Joshi,2,0.0
CUST005293,Pooja Joshi,2,0.0
CUST005311,Karan Mehta,2,0.0
CUST005318,Aditya Nair,2,0.0
CUST005319,Aditya Joshi,2,0.0
CUST005332,Ananya Singh,2,0.0
CUST005333,Neha Sharma,2,0.0
CUST005339,Neha Singh,2,0.0
CUST005340,Sneha Sharma,2,0.0
CUST005403,Kavya Mishra,2,0.0
CUST005435,Aditya Sharma,2,0.0
CUST005490,Vikram Singh,2,0.0
CUST005499,Aditya Rao,2,0.0
CUST005604,Arjun Joshi,2,0.0
CUST005607,Vikram Singh,2,0.0
CUST005630,Arjun Kapoor,2,0.0
CUST005637,Neha Mehta,2,0.0
CUST005666,Arjun Reddy,2,0.0
CUST005737,Meera Kumar,2,0.0
CUST005744,Amit Das,2,0.0
CUST005752,Amit Iyer,2,0.0
CUST005783,Kavya Sharma,2,0.0
CUST005799,Kavya Joshi,2,0.0
CUST005817,Neha Sharma,2,0.0
CUST005831,Vikram Joshi,2,0.0
CUST005837,Pooja Sharma,2,0.0
CUST005873,Karan Mehta,2,0.0
CUST005912,Rahul Joshi,2,0.0
CUST005955,Arjun Mehta,2,0.0
CUST005967,Meera Nair,2,0.0
CUST005968,Kavya Das,2,0.0
CUST005995,Priya Mishra,2,0.0
CUST006040,Meera Nair,2,0.0
CUST006062,Arjun Mehta,2,0.0
CUST006119,Meera Kumar,2,0.0
CUST006183,Aditya Rao,2,0.0
CUST006207,Nikhil Sharma,2,0.0
CUST006224,Sneha Rao,2,0.0
CUST006230,Neha Reddy,2,0.0
CUST006231,Ananya Mishra,2,0.0
CUST006258,Meera Kumar,2,0.0
CUST006314,Vikram Gupta,2,0.0
CUST006339,Kavya Reddy,2,0.0
CUST006351,Sneha Mishra,2,0.0
CUST006355,Ananya Nair,2,0.0
CUST006385,Ananya Sharma,2,0.0
CUST006402,Sneha Kapoor,2,0.0
CUST006423,Nikhil Singh,2,0.0
CUST006448,Pooja Rao,2,0.0
CUST006487,Priya Singh,2,0.0
CUST006503,Ananya Joshi,2,0.0
CUST006505,Priya Kumar,2,0.0
CUST006551,Meera Reddy,2,0.0
CUST006558,Rohan Patel,2,0.0
CUST006575,Amit Patel,2,0.0
CUST006599,Aditya Mishra,2,0.0
CUST006609,Meera Kapoor,2,0.0
CUST006650,Ananya Kapoor,2,0.0
CUST006704,Ananya Singh,2,0.0
CUST006749,Meera Gupta,2,0.0
CUST006850,Sneha Mehta,2,0.0
CUST006868,Ananya Kapoor,2,0.0
CUST006923,Aditya Kumar,2,0.0
CUST006966,Karan Gupta,2,0.0
CUST006983,Kavya Reddy,2,0.0
CUST007026,Rohan Iyer,2,0.0
CUST007033,Meera Iyer,2,0.0
CUST007038,Aditya Gupta,2,0.0
CUST007050,Aditya Rao,2,0.0
CUST007099,Pooja Reddy,2,0.0
CUST007146,Ananya Rao,2,0.0
CUST007211,Vikram Iyer,2,0.0
CUST007224,Vikram Mishra,2,0.0
CUST007227,Vikram Joshi,2,0.0
CUST007244,Karan Gupta,2,0.0
CUST007250,Arjun Verma,2,0.0
CUST007282,Amit Rao,2,0.0
CUST007306,Neha Singh,2,0.0
CUST007353,Karan Sharma,2,0.0
CUST007357,Aditya Das,2,0.0
CUST007370,Sneha Kapoor,2,0.0
CUST007394,Sneha Iyer,2,0.0
CUST007542,Rohan Mishra,2,0.0
CUST007589,Neha Joshi,2,0.0
CUST007666,Aditya Das,2,0.0
CUST007675,Priya Verma,2,0.0
CUST007681,Ananya Verma,2,0.0
CUST007703,Amit Nair,2,0.0
CUST007728,Priya Joshi,2,0.0
CUST007755,Kavya Kumar,2,0.0
CUST007767,Vikram Joshi,2,0.0
CUST007782,Aditya Joshi,2,0.0
CUST007786,Arjun Nair,2,0.0
CUST007796,Kavya Das,2,0.0
CUST007813,Arjun Das,2,0.0
CUST007859,Aditya Mishra,2,0.0
CUST007861,Ananya Iyer,2,0.0
CUST007878,Neha Gupta,2,0.0
CUST007909,Karan Mishra,2,0.0
CUST007971,Rahul Kumar,2,0.0
CUST007977,Rohan Kapoor,2,0.0
CUST007983,Priya Nair,2,0.0
CUST008034,Vikram Sharma,2,0.0
CUST008100,Meera Mishra,2,0.0
CUST008114,Arjun Mishra,2,0.0
CUST008121,Meera Iyer,2,0.0
CUST008133,Nikhil Gupta,2,0.0
CUST008138,Amit Kapoor,2,0.0
CUST008170,Kavya Joshi,2,0.0
CUST008184,Arjun Mehta,2,0.0
CUST008210,Pooja Sharma,2,0.0
CUST008244,Aditya Sharma,2,0.0
CUST008349,Rahul Das,2,0.0
CUST008367,Meera Kumar,2,0.0
CUST008371,Vikram Kumar,2,0.0
CUST008373,Sneha Mishra,2,0.0
CUST008374,Amit Nair,2,0.0
CUST008398,Arjun Mishra,2,0.0
CUST008458,Meera Verma,2,0.0
CUST008505,Pooja Reddy,2,0.0
CUST008511,Nikhil Kumar,2,0.0
CUST008542,Aditya Iyer,2,0.0
CUST008554,Rahul Reddy,2,0.0
CUST008588,Rohan Sharma,2,0.0
CUST008615,Karan Kapoor,2,0.0
CUST008617,Meera Reddy,2,0.0
CUST008621,Rohan Iyer,2,0.0
CUST008686,Meera Singh,2,0.0
CUST008703,Aditya Das,2,0.0
CUST008733,Kavya Iyer,2,0.0
CUST008789,Pooja Patel,2,0.0
CUST008810,Aditya Rao,2,0.0
CUST008812,Nikhil Patel,2,0.0
CUST008941,Arjun Patel,2,0.0
CUST008971,Ananya Reddy,2,0.0
CUST008980,Amit Kapoor,2,0.0
CUST009005,Arjun Joshi,2,0.0
CUST009041,Arjun Verma,2,0.0
CUST009051,Rohan Kapoor,2,0.0
CUST009068,Neha Kapoor,2,0.0
CUST009087,Nikhil Das,2,0.0
CUST009089,Ananya Sharma,2,0.0
CUST009090,Rohan Das,2,0.0
CUST009093,Pooja Kumar,2,0.0
CUST009114,Sneha Joshi,2,0.0
CUST009150,Arjun Rao,2,0.0
CUST009158,Neha Singh,2,0.0
CUST009200,Amit Iyer,2,0.0
CUST009257,Rahul Kapoor,2,0.0
CUST009274,Vikram Joshi,2,0.0
CUST009280,Karan Mehta,2,0.0
CUST009287,Ananya Reddy,2,0.0
CUST009315,Kavya Verma,2,0.0
CUST009339,Rohan Sharma,2,0.0
CUST009378,Meera Reddy,2,0.0
CUST009403,Ananya Gupta,2,0.0
CUST009414,Nikhil Sharma,2,0.0
CUST009474,Sneha Nair,2,0.0
CUST009493,Neha Joshi,2,0.0
CUST009537,Kavya Sharma,2,0.0
CUST009637,Karan Iyer,2,0.0
CUST009667,Vikram Nair,2,0.0
CUST009689,Nikhil Sharma,2,0.0
CUST009694,Karan Reddy,2,0.0
CUST009707,Arjun Verma,2,0.0
CUST009755,Aditya Kapoor,2,0.0
CUST009815,Aditya Kapoor,2,0.0
CUST009830,Neha Reddy,2,0.0
CUST009835,Neha Rao,2,0.0
CUST009838,Arjun Das,2,0.0
CUST009867,Pooja Iyer,2,0.0
CUST009868,Vikram Gupta,2,0.0
CUST009877,Neha Singh,2,0.0
CUST009884,Rohan Sharma,2,0.0
CUST009889,Priya Kapoor,2,0.0
CUST009911,Nikhil Singh,2,0.0
CUST009915,Meera Rao,2,0.0
CUST009916,Pooja Sharma,2,0.0
CUST009939,Karan Iyer,2,0.0
CUST009998,Rahul Das,2,0.0
CUST003554,Rohan Verma,1,61245.67
CUST003553,Kavya Kapoor,1,61245.43
CUST000003,Neha Mishra,1,59133.25
CUST000632,Rohan Rao,1,57909.68
CUST006670,Rohan Singh,1,57710.08
CUST002262,Aditya Joshi,1,57116.82
CUST006593,Sneha Sharma,1,55535.59
CUST009334,Arjun Verma,1,55468.17
CUST007922,Sneha Nair,1,54202.6
CUST003756,Kavya Das,1,52531.81
CUST003897,Aditya Reddy,1,52498.06
CUST003835,Karan Rao,1,51099.16
CUST001152,Karan Singh,1,50107.42
CUST000734,Karan Kumar,1,49277.27
CUST003180,Karan Mehta,1,48876.76
CUST000533,Pooja Singh,1,48659.49
CUST006375,Vikram Mehta,1,48456.3
CUST001710,Nikhil Verma,1,48203.19
CUST002076,Meera Mishra,1,47937.82
CUST007348,Kavya Reddy,1,47778.35
CUST001983,Meera Mehta,1,47678.62
CUST008300,Rahul Rao,1,47386.73
CUST008515,Pooja Mehta,1,47093.63
CUST005801,Pooja Reddy,1,46057.33
CUST009059,Neha Sharma,1,45900.81
CUST000013,Rohan Singh,1,45613.44
CUST006462,Meera Sharma,1,45613.15
CUST003639,Ananya Reddy,1,45289.88
CUST008750,Meera Reddy,1,44904.97
CUST001002,Vikram Kumar,1,44858.72
CUST002689,Ananya Iyer,1,44752.88
CUST009766,Priya Patel,1,44540.12
CUST006300,Meera Rao,1,44262.71
CUST002807,Amit Das,1,44261.81
CUST008296,Sneha Mehta,1,44111.63
CUST002816,Kavya Rao,1,43968.53
CUST007129,Neha Gupta,1,43944.38
CUST008161,Ananya Das,1,43848.25
CUST008311,Karan Verma,1,43816.65
CUST004750,Priya Iyer,1,43507.75
CUST002101,Kavya Rao,1,43310.51
CUST002742,Priya Mehta,1,43091.21
CUST007141,Meera Sharma,1,43033.94
CUST004538,Pooja Kumar,1,43017.34
CUST005840,Pooja Nair,1,42434.09
CUST001697,Vikram Singh,1,42364.94
CUST004784,Nikhil Rao,1,42337.57
CUST000268,Vikram Verma,1,42322.84
CUST000217,Amit Nair,1,42322.32
CUST008958,Karan Reddy,1,42024.5
CUST001555,Rahul Singh,1,42016.95
CUST008926,Priya Reddy,1,41865.45
CUST004118,Pooja Iyer,1,41863.53
CUST003815,Arjun Verma,1,41624.77
CUST007260,Rohan Verma,1,40775.92
CUST007435,Vikram Mishra,1,40638.33
CUST007191,Arjun Iyer,1,40559.34
CUST001585,Meera Reddy,1,40492.11
CUST008437,Priya Singh,1,40119.77
CUST002544,Meera Das,1,40035.17
CUST001644,Arjun Das,1,39998.08
CUST005470,Priya Iyer,1,39966.15
CUST003328,Karan Mehta,1,39693.87
CUST002508,Rohan Mehta,1,39052.59
CUST002205,Rohan Nair,1,38857.1
CUST004966,Nikhil Kumar,1,38526.97
CUST007148,Pooja Joshi,1,38448.28
CUST004134,Meera Mehta,1,38410.33
CUST005133,Rohan Nair,1,38327.85
CUST005959,Pooja Joshi,1,38323.97
CUST004472,Amit Rao,1,38059.36
CUST003241,Meera Gupta,1,38008.18
CUST005734,Pooja Sharma,1,37616.71
CUST008627,Nikhil Kapoor,1,37561.71
CUST004863,Karan Sharma,1,37504.01
CUST002754,Meera Singh,1,37434.18
CUST003986,Sneha Mehta,1,37297.75
CUST003132,Neha Das,1,37262.15
CUST001254,Meera Das,1,37024.72
CUST006819,Meera Das,1,36917.6
CUST002085,Ananya Rao,1,36807.88
CUST007258,Nikhil Kapoor,1,36651.75
CUST005505,Aditya Verma,1,36427.97
CUST006585,Neha Gupta,1,36412.83
CUST000714,Sneha Mishra,1,36287.34
CUST004708,Aditya Mehta,1,36091.5
CUST006403,Neha Das,1,35435.8
CUST008153,Arjun Das,1,35098.18
CUST004857,Arjun Nair,1,35020.83
CUST001311,Karan Nair,1,35019.49
CUST002793,Karan Joshi,1,34696.37
CUST008434,Kavya Gupta,1,34615.99
CUST000331,Kavya Gupta,1,34345.22
CUST002129,Ananya Rao,1,34263.04
CUST006798,Meera Singh,1,34169.45
CUST002789,Arjun Singh,1,33796.27
CUST007103,Meera Mehta,1,33688.24
CUST009874,Ananya Reddy,1,33269.43
CUST001848,Rohan Iyer,1,33175.12
CUST007670,Ananya Kapoor,1,33073.0
CUST002700,Pooja Mehta,1,32962.66
CUST002020,Karan Joshi,1,32951.64
CUST004752,Karan Verma,1,32929.29
CUST004272,Arjun Verma,1,32925.74
CUST006629,Arjun Reddy,1,32897.09
CUST001996,Meera Rao,1,32878.88
CUST006673,Arjun Verma,1,32817.51
CUST003709,Aditya Gupta,1,32615.14
CUST007702,Nikhil Joshi,1,32559.26
CUST007004,Meera Gupta,1,32517.08
CUST004148,Nikhil Kapoor,1,32451.43
CUST001830,Priya Joshi,1,32399.55
CUST009412,Sneha Reddy,1,32336.72
CUST007359,Arjun Joshi,1,32236.83
CUST002645,Sneha Gupta,1,32170.91
CUST000753,Meera Kapoor,1,31981.7
CUST004313,Kavya Verma,1,31840.23
CUST009113,Karan Singh,1,31742.13
CUST001786,Nikhil Gupta,1,31719.07
CUST002155,Pooja Iyer,1,31638.21
CUST007539,Rohan Verma,1,31621.23
CUST005526,Ananya Verma,1,31551.81
CUST007757,Pooja Patel,1,31546.34
CUST000259,Pooja Das,1,31464.94
CUST006216,Kavya Joshi,1,31456.58
CUST000570,Aditya Das,1,31451.3
CUST004792,Arjun Reddy,1,31350.34
CUST007053,Rahul Kumar,1,31285.64
CUST006835,Priya Singh,1,31215.89
CUST006250,Meera Reddy,1,31209.45
CUST005663,Pooja Joshi,1,31121.15
CUST007411,Priya Reddy,1,31056.82
CUST003114,Arjun Mishra,1,30981.43
CUST006674,Pooja Verma,1,30716.19
CUST008546,Priya Nair,1,30159.15
CUST008788,Priya Singh,1,30021.18
CUST005431,Kavya Reddy,1,30015.83
CUST002026,Sneha Reddy,1,30008.85
CUST005977,Priya Kapoor,1,29874.84
CUST007120,Aditya Kapoor,1,29747.91
CUST000159,Meera Rao,1,29732.84
CUST004512,Ananya Nair,1,29614.5
CUST003906,Arjun Mishra,1,29303.63
CUST004057,Rahul Kapoor,1,29281.09
CUST002634,Pooja Singh,1,29162.85
CUST006533,Sneha Verma,1,29132.64
CUST009973,Sneha Kapoor,1,29128.64
CUST000480,Priya Reddy,1,29042.25
CUST004532,Arjun Kumar,1,28899.01
CUST004422,Vikram Verma,1,28782.06
CUST007494,Vikram Verma,1,28513.88
CUST002584,Arjun Mishra,1,28434.86
CUST000738,Neha Iyer,1,28386.95
CUST001731,Amit Mehta,1,28372.75
CUST007456,Pooja Mehta,1,28347.67
CUST001814,Sneha Kumar,1,28127.94
CUST003226,Karan Gupta,1,28084.67
CUST001534,Amit Iyer,1,28069.03
CUST004653,Neha Joshi,1,27955.89
CUST000791,Vikram Mishra,1,27662.39
CUST004821,Rahul Iyer,1,27563.11
CUST002977,Amit Das,1,27537.09
CUST003003,Karan Singh,1,27497.38
CUST006866,Nikhil Kumar,1,27452.43
CUST002552,Karan Nair,1,27434.27
CUST005412,Nikhil Reddy,1,27369.85
CUST003801,Arjun Reddy,1,27119.25
CUST008208,Neha Reddy,1,27103.78
CUST009822,Karan Singh,1,27038.76
CUST002528,Pooja Mehta,1,26912.03
CUST003127,Aditya Iyer,1,26873.67
CUST004802,Pooja Patel,1,26792.88
CUST006232,Karan Rao,1,26769.68
CUST009210,Sneha Iyer,1,26747.85
CUST001107,Nikhil Nair,1,26718.45
CUST002038,Rohan Reddy,1,26599.43
CUST007852,Priya Joshi,1,26533.62
CUST002941,Ananya Gupta,1,26464.85
CUST004911,Karan Singh,1,26289.56
CUST009562,Rahul Nair,1,26228.53
CUST009463,Priya Verma,1,26033.65
CUST002395,Pooja Nair,1,26025.43
CUST002864,Aditya Nair,1,26018.78
CUST007405,Rohan Mishra,1,25896.38
CUST005073,Sneha Kapoor,1,25835.13
CUST000353,Amit Rao,1,25771.4
CUST004990,Aditya Patel,1,25585.33
CUST009687,Ananya Nair,1,25572.8
CUST002490,Nikhil Rao,1,25570.4
CUST006472,Aditya Mishra,1,25483.74
CUST008734,Pooja Kumar,1,25443.46
CUST007734,Sneha Rao,1,25383.7
CUST001766,Rahul Sharma,1,25226.1
CUST006721,Ananya Das,1,25213.63
CUST008753,Neha Mishra,1,25173.26
CUST005188,Pooja Verma,1,25014.59
CUST004044,Pooja Mishra,1,25003.37
CUST009887,Arjun Gupta,1,24932.55
CUST009333,Kavya Rao,1,24816.54
CUST005171,Neha Rao,1,24675.84
CUST002119,Vikram Singh,1,24659.8
CUST001193,Aditya Nair,1,24615.69
CUST008648,Neha Kapoor,1,24577.03
CUST004103,Meera Reddy,1,24522.14
CUST005881,Ananya Kapoor,1,24488.0
CUST004636,Meera Mishra,1,24431.4
CUST004980,Meera Gupta,1,24430.3
CUST003018,Kavya Reddy,1,24425.57
CUST008188,Arjun Kumar,1,24420.86
CUST001461,Meera Reddy,1,24316.25
CUST002274,Amit Rao,1,24259.88
CUST005925,Arjun Sharma,1,24242.73
CUST008136,Ananya Rao,1,24224.75
CUST002483,Meera Nair,1,24205.07
CUST000194,Priya Kumar,1,24175.91
CUST000498,Sneha Sharma,1,24082.48
CUST000946,Rohan Gupta,1,23978.94
CUST008571,Nikhil Sharma,1,23915.7
CUST001276,Nikhil Singh,1,23878.96
CUST004366,Sneha Gupta,1,23819.95
CUST000338,Amit Reddy,1,23789.02
CUST007281,Pooja Mehta,1,23649.2
CUST003149,Nikhil Patel,1,23620.39
CUST007216,Vikram Sharma,1,23609.49
CUST008475,Sneha Mehta,1,23591.61
CUST004612,Meera Kapoor,1,23525.51
CUST008871,Meera Nair,1,23525.16
CUST004253,Neha Verma,1,23512.75
CUST008036,Priya Das,1,23439.35
CUST008920,Rahul Das,1,23404.11
CUST004226,Kavya Mishra,1,23395.65
CUST008154,Karan Rao,1,23389.7
CUST001102,Rahul Singh,1,23384.61
CUST009979,Neha Nair,1,23237.11
CUST009358,Arjun Verma,1,23191.94
CUST002580,Amit Rao,1,23171.5
CUST005045,Neha Mishra,1,23131.23
CUST007501,Sneha Mishra,1,23002.32
CUST009575,Pooja Gupta,1,22978.18
CUST006358,Arjun Sharma,1,22975.02
CUST009169,Sneha Sharma,1,22896.17
CUST009349,Ananya Das,1,22895.76
CUST002978,Karan Singh,1,22720.05
CUST002064,Aditya Kapoor,1,22701.76
CUST000190,Ananya Kapoor,1,22663.5
CUST001263,Amit Reddy,1,22622.27
CUST004925,Rahul Mishra,1,22612.55
CUST005017,Nikhil Joshi,1,22586.3
CUST009739,Priya Sharma,1,22574.8
CUST004928,Amit Rao,1,22554.19
CUST005736,Ananya Reddy,1,22497.66
CUST003891,Karan Patel,1,22340.96
CUST000815,Sneha Mehta,1,22275.93
CUST006624,Neha Gupta,1,22271.74
CUST008601,Nikhil Iyer,1,22216.51
CUST003490,Nikhil Joshi,1,22171.77
CUST009904,Arjun Rao,1,22165.49
CUST002315,Meera Gupta,1,22153.8
CUST007676,Priya Das,1,22124.0
CUST004283,Priya Kapoor,1,22005.16
CUST006028,Meera Joshi,1,21997.16
CUST003913,Meera Das,1,21976.15
CUST005669,Ananya Mishra,1,21972.57
CUST004624,Amit Kumar,1,21968.41
CUST003684,Arjun Sharma,1,21946.0
CUST001566,Aditya Gupta,1,21931.67
CUST008963,Arjun Iyer,1,21891.09
CUST000356,Arjun Kapoor,1,21879.03
CUST007264,Sneha Joshi,1,21820.01
CUST004185,Ananya Sharma,1,21817.05
CUST000398,Karan Verma,1,21744.84
CUST000904,Meera Iyer,1,21725.97
CUST000529,Aditya Reddy,1,21660.73
CUST003442,Amit Verma,1,21658.73
CUST001328,Sneha Patel,1,21634.87
CUST001161,Rahul Rao,1,21589.75
CUST004265,Pooja Das,1,21466.98
CUST006937,Nikhil Patel,1,21426.89
CUST008688,Nikhil Reddy,1,21382.04
CUST005054,Arjun Kumar,1,21322.61
CUST005601,Nikhil Verma,1,21252.69
CUST000575,Karan Kumar,1,21211.27
CUST000699,Sneha Sharma,1,20906.43
CUST009124,Ananya Kumar,1,20872.4
CUST002216,Pooja Nair,1,20828.36
CUST007469,Amit Rao,1,20818.98
CUST002882,Meera Kumar,1,20756.43
CUST008776,Meera Sharma,1,20745.08
CUST006460,Ananya Kumar,1,20744.71
CUST005384,Amit Rao,1,20691.7
CUST006380,Rahul Patel,1,20677.48
CUST001821,Rahul Gupta,1,20641.96
CUST001285,Aditya Singh,1,20625.6
CUST000744,Kavya Mishra,1,20612.71
CUST007943,Kavya Iyer,1,20527.93
CUST009070,Ananya Mishra,1,20440.23
CUST005680,Ananya Kapoor,1,20394.75
CUST006488,Neha Mehta,1,20382.07
CUST006107,Kavya Mehta,1,20334.09
CUST009355,Rahul Singh,1,20270.13
CUST006719,Vikram Rao,1,20241.51
CUST001765,Amit Kumar,1,20236.54
CUST002889,Sneha Patel,1,20208.14
CUST002260,Nikhil Gupta,1,20205.13
CUST005183,Rohan Kumar,1,20195.36
CUST003064,Amit Das,1,20180.96
CUST009324,Nikhil Singh,1,20124.19
CUST001103,Rahul Das,1,20081.92
CUST007476,Kavya Patel,1,20076.88
CUST007043,Aditya Verma,1,19993.32
CUST001592,Amit Kumar,1,19988.44
CUST004769,Aditya Kapoor,1,19860.92
CUST005105,Aditya Kapoor,1,19850.53
CUST002642,Karan Joshi,1,19848.55
CUST000886,Meera Mishra,1,19831.09
CUST005414,Vikram Das,1,19807.48
CUST000148,Arjun Verma,1,19712.28
CUST009823,Pooja Joshi,1,19688.39
CUST006659,Kavya Patel,1,19673.85
CUST001794,Nikhil Singh,1,19664.76
CUST005389,Aditya Kapoor,1,19634.8
CUST008406,Pooja Kumar,1,19625.59
CUST001803,Aditya Kapoor,1,19588.94
CUST002924,Ananya Mehta,1,19567.16
CUST009343,Neha Rao,1,19534.98
CUST002648,Rahul Gupta,1,19528.11
CUST007833,Nikhil Rao,1,19503.16
CUST006931,Kavya Joshi,1,19396.95
CUST009225,Priya Mishra,1,19385.23
CUST008997,Aditya Kumar,1,19293.74
CUST005913,Neha Singh,1,19286.72
CUST002621,Ananya Kumar,1,19201.59
CUST009455,Meera Joshi,1,19192.16
CUST000189,Nikhil Mishra,1,19173.96
CUST008062,Arjun Iyer,1,19090.14
CUST007780,Nikhil Patel,1,19046.38
CUST005570,Sneha Mehta,1,19009.96
CUST007976,Kavya Reddy,1,18997.53
CUST006535,Arjun Joshi,1,18976.62
CUST008967,Pooja Kumar,1,18955.74
CUST004206,Neha Iyer,1,18950.73
CUST005610,Meera Joshi,1,18946.38
CUST000378,Karan Joshi,1,18934.48
CUST005452,Karan Mehta,1,18914.08
CUST003131,Rohan Mehta,1,18796.29
CUST002838,Pooja Reddy,1,18791.54
CUST009446,Rohan Mishra,1,18776.24
CUST007065,Aditya Patel,1,18758.26
CUST005429,Amit Kapoor,1,18745.62
CUST005974,Amit Rao,1,18724.6
CUST009020,Pooja Gupta,1,18708.72
CUST003277,Priya Rao,1,18648.48
CUST007266,Vikram Joshi,1,18645.7
CUST001834,Ananya Mehta,1,18582.13
CUST005854,Neha Gupta,1,18441.89
CUST009054,Aditya Gupta,1,18359.44
CUST002717,Pooja Mishra,1,18356.66
CUST000789,Vikram Sharma,1,18314.44
CUST008968,Pooja Mehta,1,18308.93
CUST005230,Rahul Das,1,18243.13
CUST004858,Priya Rao,1,18235.1
CUST003695,Ananya Das,1,18127.05
CUST009009,Nikhil Verma,1,18049.64
CUST000782,Sneha Verma,1,18009.64
CUST000992,Karan Mishra,1,17964.54
CUST009102,Karan Rao,1,17961.21
CUST003217,Sneha Mehta,1,17909.62
CUST005706,Vikram Kumar,1,17796.6
CUST007970,Rohan Iyer,1,17759.55
CUST003288,Aditya Joshi,1,17696.33
CUST001315,Amit Singh,1,17691.96
CUST005676,Karan Joshi,1,17638.48
CUST006893,Aditya Kapoor,1,17556.89
CUST000422,Rohan Patel,1,17518.62
CUST002314,Rohan Verma,1,17455.03
CUST007553,Meera Das,1,17353.69
CUST005059,Sneha Reddy,1,17258.44
CUST003286,Arjun Mishra,1,17249.0
CUST004391,Neha Iyer,1,17241.75
CUST002727,Pooja Iyer,1,17239.51
CUST007311,Pooja Nair,1,17220.48
CUST009885,Rahul Kapoor,1,17210.4
CUST006400,Priya Iyer,1,17206.85
CUST009724,Meera Gupta,1,17143.85
CUST001191,Ananya Reddy,1,17138.59
CUST008091,Ananya Reddy,1,17078.71
CUST007131,Meera Verma,1,17055.47
CUST007096,Nikhil Singh,1,17007.31
CUST003347,Karan Verma,1,16922.75
CUST008299,Arjun Rao,1,16908.28
CUST002574,Arjun Singh,1,16858.86
CUST000488,Kavya Mehta,1,16847.57
CUST008890,Arjun Reddy,1,16796.89
CUST007105,Karan Patel,1,16782.75
CUST009331,Rohan Patel,1,16738.68
CUST000708,Karan Gupta,1,16656.36
CUST004906,Pooja Rao,1,16595.65
CUST007209,Arjun Patel,1,16507.08
CUST002115,Nikhil Kapoor,1,16477.23
CUST003166,Kavya Verma,1,16449.24
CUST006097,Kavya Gupta,1,16271.59
CUST001303,Meera Rao,1,16237.78
CUST003560,Kavya Sharma,1,16226.9
CUST009966,Ananya Mehta,1,16221.2
CUST005497,Arjun Kapoor,1,16192.48
CUST002271,Pooja Joshi,1,16188.4
CUST007785,Ananya Verma,1,16181.7
CUST007114,Kavya Iyer,1,16174.02
CUST009682,Aditya Patel,1,16143.26
CUST000906,Vikram Mishra,1,16114.27
CUST007116,Karan Reddy,1,16105.26
CUST002533,Nikhil Mishra,1,16076.75
CUST005087,Vikram Nair,1,16072.54
CUST003915,Arjun Rao,1,16042.51
CUST007477,Rahul Verma,1,15960.71
CUST002043,Sneha Patel,1,15958.85
CUST001637,Priya Sharma,1,15850.79
CUST005653,Nikhil Gupta,1,15745.42
CUST002292,Amit Mehta,1,15692.79
CUST004179,Arjun Iyer,1,15667.82
CUST008647,Ananya Gupta,1,15657.13
CUST000565,Rahul Joshi,1,15605.3
CUST005024,Kavya Sharma,1,15590.05
CUST005882,Amit Singh,1,15480.12
CUST003825,Sneha Reddy,1,15456.0
CUST005780,Karan Mehta,1,15435.87
CUST007752,Rahul Patel,1,15372.08
CUST005564,Priya Kumar,1,15354.5
CUST003488,Meera Nair,1,15353.6
CUST008802,Priya Kumar,1,15338.29
CUST007623,Karan Nair,1,15336.36
CUST008134,Vikram Mishra,1,15288.71
CUST001844,Arjun Singh,1,15281.95
CUST008451,Arjun Sharma,1,15233.9
CUST009267,Sneha Nair,1,15232.24
CUST009145,Rahul Joshi,1,15226.47
CUST002285,Rahul Sharma,1,15166.29
CUST005631,Ananya Sharma,1,15139.52
CUST008884,Nikhil Mishra,1,15116.79
CUST008815,Rohan Joshi,1,15106.87
CUST006793,Sneha Iyer,1,15090.99
CUST002506,Pooja Kapoor,1,15085.12
CUST004257,Rahul Patel,1,15045.56
CUST007795,Priya Sharma,1,14993.73
CUST006737,Ananya Gupta,1,14867.6
CUST008410,Kavya Rao,1,14854.4
CUST006693,Neha Verma,1,14828.49
CUST003507,Arjun Iyer,1,14799.56
CUST001277,Vikram Rao,1,14784.1
CUST007887,Pooja Kumar,1,14770.71
CUST004308,Arjun Reddy,1,14720.01
CUST004127,Rohan Iyer,1,14710.99
CUST003402,Karan Nair,1,14664.79
CUST007409,Rohan Sharma,1,14635.83
CUST007426,Kavya Mehta,1,14554.42
CUST009073,Nikhil Reddy,1,14533.75
CUST008126,Kavya Gupta,1,14524.8
CUST007263,Neha Mehta,1,14522.4
CUST009139,Rohan Joshi,1,14520.95
CUST000637,Pooja Singh,1,14490.08
CUST000555,Pooja Mehta,1,14480.17
CUST008653,Nikhil Joshi,1,14395.33
CUST006455,Sneha Kapoor,1,14377.83
CUST001023,Kavya Gupta,1,14350.59
CUST004510,Rohan Das,1,14289.28
CUST003261,Ananya Kumar,1,14282.44
CUST003785,Priya Das,1,14277.12
CUST006727,Aditya Gupta,1,14275.47
CUST003869,Sneha Verma,1,14262.24
CUST008682,Ananya Mishra,1,14257.93
CUST000332,Rohan Nair,1,14250.54
CUST006718,Nikhil Nair,1,14206.0
CUST006584,Amit Gupta,1,14116.19
CUST004731,Sneha Patel,1,14064.85
CUST008317,Priya Reddy,1,14052.3
CUST001256,Amit Reddy,1,14050.97
CUST006092,Karan Iyer,1,14038.73
CUST007326,Neha Das,1,14032.67
CUST006376,Meera Rao,1,13989.83
CUST005815,Meera Mehta,1,13944.78
CUST003856,Priya Singh,1,13944.7
CUST009047,Vikram Patel,1,13940.89
CUST006742,Sneha Mishra,1,13926.24
CUST000841,Arjun Reddy,1,13918.58
CUST002662,Arjun Joshi,1,13918.08
CUST008994,Amit Reddy,1,13908.93
CUST001059,Rahul Sharma,1,13908.41
CUST000768,Arjun Mishra,1,13886.52
CUST004343,Neha Gupta,1,13877.31
CUST009140,Nikhil Reddy,1,13753.51
CUST000223,Nikhil Mehta,1,13736.93
CUST009564,Arjun Verma,1,13728.3
CUST008271,Pooja Kumar,1,13691.59
CUST000584,Nikhil Verma,1,13682.18
CUST003871,Sneha Sharma,1,13664.68
CUST002952,Nikhil Verma,1,13580.41
CUST009350,Amit Rao,1,13544.32
CUST008426,Rahul Patel,1,13483.39
CUST006642,Karan Rao,1,13390.96
CUST004378,Amit Reddy,1,13382.95
CUST007515,Kavya Rao,1,13281.07
CUST002859,Nikhil Sharma,1,13229.26
CUST004987,Priya Iyer,1,13161.8
CUST007331,Vikram Joshi,1,13122.32
CUST001038,Ananya Sharma,1,13067.15
CUST004958,Nikhil Reddy,1,13025.59
CUST001903,Rahul Das,1,12972.08
CUST003211,Rahul Mehta,1,12929.04
CUST007321,Priya Mehta,1,12895.63
CUST000456,Sneha Reddy,1,12871.75
CUST002898,Nikhil Das,1,12867.64
CUST007564,Sneha Joshi,1,12845.18
CUST002441,Nikhil Joshi,1,12802.1
CUST004962,Nikhil Patel,1,12746.48
CUST004390,Ananya Gupta,1,12739.44
CUST003196,Ananya Rao,1,12711.53
CUST008901,Karan Reddy,1,12710.54
CUST006941,Aditya Verma,1,12659.54
CUST006292,Karan Das,1,12653.93
CUST000304,Rohan Kumar,1,12649.45
CUST007694,Pooja Verma,1,12643.6
CUST008951,Vikram Das,1,12617.26
CUST002305,Arjun Gupta,1,12593.6
CUST000920,Nikhil Patel,1,12568.89
CUST007992,Neha Patel,1,12566.3
CUST000921,Kavya Patel,1,12536.53
CUST002788,Arjun Rao,1,12503.93
CUST009615,Rohan Gupta,1,12489.21
CUST006830,Amit Verma,1,12489.16
CUST000128,Rahul Verma,1,12488.0
CUST005464,Sneha Kapoor,1,12483.79
CUST007464,Arjun Mishra,1,12468.15
CUST004249,Sneha Joshi,1,12450.45
CUST002168,Ananya Rao,1,12394.52
CUST006909,Ananya Reddy,1,12390.59
CUST001992,Arjun Das,1,12378.52
CUST004332,Pooja Rao,1,12366.25
CUST003854,Priya Iyer,1,12289.9
CUST008558,Arjun Das,1,12234.79
CUST000981,Neha Singh,1,12212.74
CUST000416,Meera Das,1,12209.13
CUST000829,Pooja Reddy,1,12199.48
CUST004674,Priya Das,1,12147.56
CUST000521,Ananya Verma,1,12113.0
CUST009610,Sneha Patel,1,12095.69
CUST006299,Pooja Joshi,1,11865.06
CUST009742,Rahul Kapoor,1,11861.91
CUST007374,Pooja Kumar,1,11806.8
CUST006596,Ananya Mishra,1,11778.92
CUST001082,Nikhil Rao,1,11769.69
CUST008171,Arjun Mishra,1,11764.61
CUST008669,Meera Verma,1,11754.91
CUST005271,Rahul Rao,1,11711.85
CUST005328,Sneha Kumar,1,11693.72
CUST003666,Amit Verma,1,11677.83
CUST006398,Kavya Mishra,1,11643.51
CUST006199,Amit Kumar,1,11583.81
CUST007879,Arjun Patel,1,11562.01
CUST009217,Rohan Nair,1,11555.29
CUST008459,Sneha Mehta,1,11531.68
CUST005810,Priya Kapoor,1,11510.82
CUST000196,Pooja Rao,1,11504.76
CUST006352,Kavya Reddy,1,11477.2
CUST005225,Meera Reddy,1,11476.85
CUST008907,Sneha Gupta,1,11474.3
CUST003172,Ananya Nair,1,11467.99
CUST006478,Kavya Joshi,1,11456.96
CUST007186,Rohan Mehta,1,11455.16
CUST004535,Nikhil Iyer,1,11420.72
CUST002951,Neha Mishra,1,11405.61
CUST007714,Vikram Das,1,11345.85
CUST006464,Pooja Joshi,1,11330.54
CUST003199,Ananya Iyer,1,11312.58
CUST000877,Karan Nair,1,11300.81
CUST005444,Ananya Kapoor,1,11273.53
CUST009304,Kavya Joshi,1,11267.2
CUST006953,Vikram Rao,1,11257.57
CUST003473,Nikhil Rao,1,11247.53
CUST002860,Kavya Gupta,1,11201.99
CUST000349,Vikram Gupta,1,11198.0
CUST002304,Sneha Sharma,1,11122.67
CUST000669,Kavya Nair,1,11101.64
CUST009589,Arjun Patel,1,10978.49
CUST008644,Priya Rao,1,10932.93
CUST002016,Sneha Mishra,1,10915.14
CUST009503,Neha Kapoor,1,10905.44
CUST008998,Rohan Gupta,1,10863.94
CUST003344,Nikhil Verma,1,10860.34
CUST001734,Vikram Verma,1,10831.78
CUST002357,Pooja Das,1,10831.05
CUST001994,Amit Reddy,1,10820.68
CUST008014,Amit Nair,1,10814.33
CUST002639,Sneha Sharma,1,10797.83
CUST009541,Rohan Kumar,1,10765.99
CUST005413,Neha Singh,1,10743.89
CUST006479,Nikhil Gupta,1,10733.14
CUST007829,Amit Das,1,10652.42
CUST008739,Pooja Gupta,1,10643.43
CUST007134,Amit Iyer,1,10642.74
CUST006680,Kavya Verma,1,10625.15
CUST005952,Pooja Gupta,1,10567.78
CUST000969,Arjun Joshi,1,10533.26
CUST005640,Priya Rao,1,10494.86
CUST005038,Kavya Patel,1,10456.87
CUST000583,Neha Sharma,1,10430.94
CUST002244,Arjun Kapoor,1,10388.07
CUST008265,Rahul Patel,1,10386.18
CUST000330,Amit Iyer,1,10327.43
CUST007481,Karan Kumar,1,10293.64
CUST002618,Amit Joshi,1,10292.83
CUST001280,Nikhil Sharma,1,10208.16
CUST006401,Pooja Rao,1,10175.04
CUST009938,Kavya Reddy,1,10163.07
CUST006896,Pooja Singh,1,10157.66
CUST001199,Ananya Kapoor,1,10138.77
CUST009633,Rahul Gupta,1,10116.38
CUST006141,Vikram Patel,1,10106.32
CUST003769,Pooja Kumar,1,10047.85
CUST000603,Arjun Mishra,1,10035.72
CUST008386,Priya Nair,1,10022.37
CUST003126,Kavya Joshi,1,10015.08
CUST009011,Neha Das,1,9943.67
CUST005006,Priya Sharma,1,9921.55
CUST007809,Karan Kapoor,1,9915.96
CUST006241,Karan Das,1,9913.68
CUST009561,Nikhil Rao,1,9888.46
CUST003979,Vikram Nair,1,9888.23
CUST008749,Arjun Rao,1,9872.14
CUST005440,Kavya Verma,1,9856.49
CUST001338,Kavya Rao,1,9843.85
CUST004065,Kavya Gupta,1,9796.57
CUST003822,Nikhil Iyer,1,9779.84
CUST004037,Neha Rao,1,9774.01
CUST007693,Sneha Verma,1,9738.16
CUST004590,Rahul Sharma,1,9718.99
CUST005154,Arjun Iyer,1,9693.3
CUST006628,Rahul Singh,1,9669.32
CUST004929,Kavya Reddy,1,9652.18
CUST007091,Kavya Singh,1,9646.06
CUST004749,Arjun Patel,1,9642.91
CUST009776,Meera Reddy,1,9610.71
CUST007907,Pooja Reddy,1,9602.44
CUST000910,Sneha Mehta,1,9570.74
CUST001636,Rohan Gupta,1,9524.59
CUST001219,Aditya Kumar,1,9507.83
CUST000687,Pooja Joshi,1,9500.92
CUST002572,Nikhil Singh,1,9489.85
CUST006313,Meera Kumar,1,9471.72
CUST000993,Vikram Verma,1,9466.51
CUST004497,Rohan Patel,1,9460.0
CUST008040,Rohan Kapoor,1,9452.18
CUST007991,Vikram Mishra,1,9437.68
CUST009651,Ananya Singh,1,9386.31
CUST007635,Nikhil Kumar,1,9383.44
CUST003150,Meera Sharma,1,9381.65
CUST006549,Kavya Patel,1,9376.26
CUST006760,Meera Kumar,1,9359.74
CUST007972,Arjun Singh,1,9349.72
CUST009953,Kavya Das,1,9345.99
CUST009300,Pooja Gupta,1,9345.26
CUST003070,Neha Reddy,1,9309.03
CUST000626,Meera Nair,1,9294.4
CUST004471,Pooja Rao,1,9251.68
CUST005233,Sneha Nair,1,9199.57
CUST003419,Rahul Sharma,1,9192.12
CUST007442,Ananya Joshi,1,9190.07
CUST000400,Amit Mishra,1,9177.98
CUST001024,Nikhil Mishra,1,9110.08
CUST004872,Rohan Kumar,1,9109.06
CUST003896,Aditya Mehta,1,9098.74
CUST000510,Aditya Patel,1,9094.36
CUST000118,Vikram Das,1,9081.01
CUST004250,Karan Rao,1,9016.51
CUST008131,Ananya Singh,1,8985.6
CUST008983,Priya Das,1,8970.61
CUST000915,Neha Rao,1,8961.97
CUST001663,Neha Reddy,1,8919.29
CUST008527,Arjun Singh,1,8911.94
CUST005860,Ananya Nair,1,8823.62
CUST004333,Pooja Singh,1,8815.91
CUST006172,Neha Nair,1,8805.85
CUST009733,Neha Das,1,8775.98
CUST008264,Priya Iyer,1,8748.3
CUST000359,Meera Iyer,1,8744.47
CUST008952,Nikhil Das,1,8734.27
CUST001715,Kavya Gupta,1,8731.21
CUST009967,Meera Iyer,1,8729.42
CUST001078,Amit Kumar,1,8698.03
CUST008499,Amit Nair,1,8660.73
CUST001066,Nikhil Verma,1,8643.13
CUST001481,Kavya Nair,1,8604.14
CUST009599,Sneha Sharma,1,8598.74
CUST008642,Rahul Kapoor,1,8597.5
CUST005046,Rahul Mishra,1,8590.24
CUST005434,Karan Kumar,1,8584.86
CUST001431,Vikram Iyer,1,8567.16
CUST007600,Amit Gupta,1,8512.29
CUST003395,Kavya Patel,1,8481.89
CUST003118,Nikhil Mehta,1,8474.49
CUST002590,Sneha Kapoor,1,8341.78
CUST000238,Amit Reddy,1,8327.91
CUST002291,Rohan Mehta,1,8320.14
CUST003636,Meera Gupta,1,8297.13
CUST001417,Amit Verma,1,8220.3
CUST003090,Neha Das,1,8091.96
CUST001570,Arjun Kumar,1,8090.31
CUST004634,Neha Gupta,1,8061.28
CUST001333,Rohan Verma,1,8055.62
CUST009388,Rohan Singh,1,8015.02
CUST001286,Amit Verma,1,8000.4
CUST009237,Sneha Patel,1,7977.45
CUST003493,Nikhil Kapoor,1,7957.31
CUST004213,Aditya Mehta,1,7931.97
CUST001149,Priya Gupta,1,7926.4
CUST005210,Priya Rao,1,7917.93
CUST008045,Nikhil Mehta,1,7905.56
CUST004475,Ananya Das,1,7892.05
CUST005498,Rohan Rao,1,7889.47
CUST000418,Aditya Joshi,1,7871.96
CUST008325,Vikram Sharma,1,7811.54
CUST002704,Priya Das,1,7766.7
CUST002080,Sneha Mishra,1,7757.98
CUST003079,Vikram Mehta,1,7745.48
CUST008832,Amit Mishra,1,7743.48
CUST009736,Neha Iyer,1,7741.01
CUST006971,Arjun Verma,1,7738.96
CUST007183,Arjun Sharma,1,7727.32
CUST001420,Amit Kumar,1,7684.12
CUST004609,Pooja Mishra,1,7630.09
CUST002600,Arjun Gupta,1,7592.37
CUST001860,Neha Kumar,1,7556.43
CUST004860,Aditya Mehta,1,7555.87
CUST004021,Vikram Iyer,1,7533.47
CUST001046,Nikhil Kumar,1,7532.48
CUST006824,Amit Verma,1,7524.37
CUST004781,Meera Reddy,1,7518.65
CUST007644,Rahul Rao,1,7517.39
CUST009198,Rahul Iyer,1,7499.91
CUST007729,Rahul Kumar,1,7474.79
CUST006026,Neha Mishra,1,7448.97
CUST005588,Aditya Mishra,1,7425.24
CUST005827,Arjun Verma,1,7423.78
CUST007223,Vikram Kumar,1,7423.15
CUST004237,Kavya Sharma,1,7384.59
CUST002183,Ananya Reddy,1,7377.92
CUST005241,Amit Kumar,1,7351.15
CUST002072,Karan Iyer,1,7349.11
CUST001330,Nikhil Reddy,1,7345.9
CUST001389,Rahul Kapoor,1,7283.14
CUST003152,Amit Das,1,7276.11
CUST001250,Neha Rao,1,7233.84
CUST006684,Meera Gupta,1,7229.67
CUST005495,Priya Kumar,1,7203.3
CUST008350,Ananya Gupta,1,7169.34
CUST002403,Karan Patel,1,7115.26
CUST009227,Sneha Nair,1,7100.81
CUST009952,Karan Gupta,1,7069.97
CUST008564,Sneha Gupta,1,7064.4
CUST002965,Pooja Gupta,1,7061.01
CUST008860,Meera Singh,1,7058.17
CUST009241,Meera Sharma,1,7044.31
CUST007954,Karan Mehta,1,7035.93
CUST008912,Aditya Das,1,7017.43
CUST005209,Rohan Sharma,1,6989.21
CUST007903,Kavya Patel,1,6978.61
CUST007341,Nikhil Singh,1,6977.37
CUST005522,Pooja Kapoor,1,6964.47
CUST004507,Meera Gupta,1,6931.08
CUST007136,Meera Sharma,1,6895.48
CUST007325,Pooja Verma,1,6893.64
CUST002992,Amit Verma,1,6886.58
CUST008318,Meera Reddy,1,6827.83
CUST001544,Priya Sharma,1,6803.77
CUST002481,Rohan Gupta,1,6783.36
CUST007273,Amit Mehta,1,6782.01
CUST000280,Arjun Joshi,1,6768.2
CUST004268,Karan Patel,1,6725.65
CUST009793,Neha Rao,1,6713.38
CUST002200,Aditya Nair,1,6709.43
CUST000176,Pooja Rao,1,6684.58
CUST003466,Pooja Kapoor,1,6627.66
CUST000204,Nikhil Patel,1,6601.94
CUST009018,Nikhil Patel,1,6590.62
CUST007834,Priya Joshi,1,6387.41
CUST000762,Nikhil Das,1,6386.94
CUST008326,Priya Patel,1,6359.6
CUST002067,Amit Mishra,1,6359.34
CUST001538,Rohan Mishra,1,6334.69
CUST007894,Neha Joshi,1,6292.4
CUST008009,Amit Mehta,1,6287.61
CUST005661,Meera Kumar,1,6277.28
CUST006453,Vikram Gupta,1,6275.94
CUST001911,Priya Patel,1,6257.52
CUST005489,Neha Kapoor,1,6253.58
CUST009641,Nikhil Sharma,1,6243.29
CUST002198,Arjun Joshi,1,6232.37
CUST003511,Meera Nair,1,6208.01
CUST002529,Nikhil Kapoor,1,6190.46
CUST006064,Rohan Mehta,1,6188.04
CUST002681,Kavya Rao,1,6156.04
CUST009617,Priya Singh,1,6152.04
CUST004061,Aditya Mehta,1,6134.68
CUST002847,Priya Nair,1,6127.62
CUST000663,Rahul Patel,1,6107.96
CUST004754,Priya Kapoor,1,6106.74
CUST003918,Aditya Sharma,1,6105.76
CUST008663,Priya Sharma,1,6076.93
CUST001545,Rohan Sharma,1,6069.27
CUST009933,Kavya Singh,1,6051.35
CUST006302,Meera Singh,1,6033.6
CUST008867,Rohan Kapoor,1,6030.06
CUST002331,Kavya Singh,1,6022.96
CUST004948,Karan Sharma,1,6008.82
CUST002248,Sneha Sharma,1,5981.35
CUST001627,Aditya Nair,1,5960.74
CUST004979,Rahul Joshi,1,5955.41
CUST001112,Priya Gupta,1,5949.3
CUST000777,Ananya Verma,1,5939.62
CUST003191,Ananya Iyer,1,5894.49
CUST002706,Sneha Sharma,1,5865.9
CUST003021,Ananya Kumar,1,5838.91
CUST006286,Vikram Das,1,5838.85
CUST001298,Nikhil Verma,1,5826.19
CUST008476,Karan Kapoor,1,5814.11
CUST009260,Arjun Reddy,1,5772.66
CUST003826,Meera Mishra,1,5744.08
CUST006902,Nikhil Iyer,1,5740.12
CUST007856,Arjun Verma,1,5721.62
CUST010000,Rohan Das,1,5684.46
CUST004797,Meera Patel,1,5666.94
CUST004406,Priya Gupta,1,5662.46
CUST004374,Rahul Das,1,5652.36
CUST004234,Vikram Joshi,1,5647.0
CUST008340,Pooja Nair,1,5606.87
CUST003314,Ananya Patel,1,5563.24
CUST004889,Ananya Mehta,1,5557.37
CUST002232,Amit Iyer,1,5551.99
CUST004730,Rohan Kumar,1,5539.43
CUST003841,Aditya Verma,1,5523.83
CUST004827,Karan Nair,1,5513.48
CUST001085,Neha Kapoor,1,5507.24
CUST006986,Arjun Rao,1,5459.15
CUST002029,Nikhil Singh,1,5457.73
CUST005797,Priya Rao,1,5431.06
CUST009891,Sneha Kapoor,1,5415.12
CUST008456,Meera Joshi,1,5390.88
CUST008235,Vikram Iyer,1,5368.27
CUST009792,Sneha Rao,1,5365.65
CUST002263,Rahul Verma,1,5365.56
CUST006689,Ananya Mehta,1,5344.53
CUST000806,Arjun Verma,1,5336.8
CUST004437,Aditya Kumar,1,5327.73
CUST006200,Aditya Reddy,1,5318.67
CUST006412,Priya Gupta,1,5315.15
CUST007770,Neha Kapoor,1,5292.66
CUST000368,Meera Nair,1,5259.35
CUST004722,Neha Mehta,1,5241.84
CUST003223,Vikram Nair,1,5228.3
CUST002157,Vikram Verma,1,5213.85
CUST006775,Ananya Sharma,1,5186.31
CUST006829,Priya Das,1,5178.9
CUST005781,Amit Sharma,1,5170.93
CUST007625,Sneha Patel,1,5169.19
CUST004739,Aditya Mehta,1,5134.8
CUST001027,Priya Rao,1,5133.05
CUST007059,Amit Patel,1,5116.82
CUST004869,Nikhil Mehta,1,5115.51
CUST004439,Rohan Joshi,1,5109.97
CUST009336,Neha Kumar,1,5103.01
CUST000197,Karan Iyer,1,5073.3
CUST008886,Rohan Verma,1,5054.98
CUST003075,Karan Reddy,1,5053.05
CUST002696,Karan Das,1,5050.72
CUST000233,Aditya Kumar,1,5030.32
CUST000474,Amit Kumar,1,5020.88
CUST003381,Priya Kumar,1,5019.77
CUST007998,Rohan Reddy,1,5018.37
CUST003597,Rohan Mehta,1,4989.92
CUST007587,Nikhil Nair,1,4980.94
CUST005658,Aditya Patel,1,4949.74
CUST005050,Sneha Rao,1,4915.27
CUST004780,Amit Singh,1,4893.35
CUST007862,Sneha Iyer,1,4870.1
CUST008174,Neha Patel,1,4859.74
CUST006245,Amit Kumar,1,4829.42
CUST009209,Neha Iyer,1,4825.1
CUST002685,Arjun Singh,1,4824.85
CUST006794,Pooja Patel,1,4767.34
CUST009718,Pooja Iyer,1,4753.15
CUST000845,Amit Reddy,1,4731.09
CUST002760,Nikhil Mehta,1,4708.59
CUST000752,Rahul Verma,1,4698.32
CUST007079,Vikram Nair,1,4679.9
CUST004438,Karan Rao,1,4637.11
CUST003957,Rahul Verma,1,4635.82
CUST006369,Arjun Verma,1,4635.78
CUST005068,Karan Mehta,1,4614.59
CUST007537,Meera Reddy,1,4540.52
CUST009619,Kavya Nair,1,4539.07
CUST004839,Arjun Rao,1,4538.7
CUST000371,Ananya Iyer,1,4533.42
CUST009740,Amit Gupta,1,4525.58
CUST002684,Arjun Verma,1,4519.08
CUST006000,Priya Mehta,1,4482.3
CUST004243,Arjun Kumar,1,4476.58
CUST007990,Amit Reddy,1,4475.85
CUST003441,Sneha Kumar,1,4461.58
CUST007057,Ananya Patel,1,4453.44
CUST009883,Nikhil Nair,1,4383.64
CUST000111,Vikram Verma,1,4360.11
CUST001966,Nikhil Nair,1,4320.6
CUST001918,Amit Reddy,1,4310.9
CUST008142,Meera Mishra,1,4296.02
CUST004164,Priya Gupta,1,4295.75
CUST000042,Aditya Iyer,1,4292.03
CUST001899,Nikhil Iyer,1,4273.85
CUST005085,Sneha Das,1,4266.34
CUST009249,Arjun Reddy,1,4265.98
CUST009366,Amit Patel,1,4246.97
CUST000792,Pooja Kumar,1,4194.16
CUST004360,Pooja Joshi,1,4179.55
CUST003054,Meera Kumar,1,4152.61
CUST001014,Amit Singh,1,4133.97
CUST004359,Rohan Rao,1,4133.33
CUST003138,Meera Mehta,1,4118.22
CUST008676,Rohan Patel,1,4101.42
CUST000464,Amit Reddy,1,4045.56
CUST004842,Meera Gupta,1,4042.67
CUST000385,Aditya Joshi,1,4019.54
CUST006414,Rohan Kumar,1,3978.06
CUST003480,Nikhil Verma,1,3965.4
CUST005280,Amit Iyer,1,3960.86
CUST005205,Vikram Patel,1,3958.59
CUST005249,Arjun Sharma,1,3950.79
CUST001660,Nikhil Mehta,1,3941.99
CUST009760,Ananya Singh,1,3917.06
CUST007047,Kavya Joshi,1,3867.09
CUST007559,Neha Das,1,3840.63
CUST009337,Amit Rao,1,3832.91
CUST000966,Rahul Rao,1,3832.24
CUST008221,Karan Iyer,1,3827.94
CUST002446,Neha Nair,1,3808.84
CUST002620,Aditya Sharma,1,3779.83
CUST002082,Vikram Patel,1,3742.68
CUST001577,Rahul Nair,1,3737.93
CUST003774,Nikhil Singh,1,3735.24
CUST000599,Neha Rao,1,3720.66
CUST000654,Nikhil Gupta,1,3710.67
CUST008624,Meera Verma,1,3709.19
CUST002815,Nikhil Verma,1,3687.18
CUST005037,Meera Verma,1,3659.83
CUST005326,Neha Mishra,1,3647.1
CUST001045,Ananya Sharma,1,3627.94
CUST001681,Karan Nair,1,3605.24
CUST003614,Meera Reddy,1,3600.76
CUST001335,Rahul Patel,1,3600.43
CUST001733,Neha Verma,1,3598.94
CUST007478,Arjun Joshi,1,3578.41
CUST004286,Amit Rao,1,3538.73
CUST000326,Karan Kumar,1,3521.48
CUST003498,Neha Kumar,1,3501.86
CUST006565,Pooja Mishra,1,3488.9
CUST004689,Aditya Reddy,1,3462.47
CUST002627,Rohan Das,1,3423.44
CUST003729,Rahul Reddy,1,3418.39
CUST008200,Aditya Rao,1,3407.88
CUST001988,Pooja Mishra,1,3406.93
CUST009698,Kavya Nair,1,3402.52
CUST007957,Karan Rao,1,3387.94
CUST001294,Sneha Rao,1,3387.58
CUST007163,Nikhil Iyer,1,3383.55
CUST009518,Neha Mehta,1,3362.43
CUST008575,Vikram Gupta,1,3345.98
CUST000554,Nikhil Sharma,1,3330.08
CUST004680,Sneha Verma,1,3321.55
CUST009909,Aditya Iyer,1,3315.13
CUST003489,Amit Singh,1,3306.02
CUST002471,Rahul Mehta,1,3235.4
CUST008576,Pooja Joshi,1,3235.0
CUST009756,Vikram Rao,1,3199.0
CUST003659,Priya Gupta,1,3193.01
CUST009196,Meera Kumar,1,3181.23
CUST005691,Arjun Joshi,1,3181.11
CUST005965,Nikhil Mehta,1,3156.72
CUST003404,Aditya Das,1,3149.92
CUST004492,Neha Joshi,1,3128.55
CUST005771,Karan Verma,1,3127.65
CUST003778,Aditya Nair,1,3106.14
CUST007683,Kavya Mehta,1,3077.3
CUST008261,Vikram Reddy,1,3069.66
CUST001724,Priya Mehta,1,3057.1
CUST008605,Sneha Iyer,1,3032.76
CUST005094,Aditya Rao,1,3024.68
CUST005723,Rohan Gupta,1,3022.87
CUST003449,Ananya Sharma,1,3000.2
CUST007841,Pooja Rao,1,2981.89
CUST004945,Sneha Gupta,1,2977.92
CUST006327,Karan Iyer,1,2943.88
CUST005155,Aditya Singh,1,2913.79
CUST006212,Ananya Iyer,1,2885.1
CUST007842,Aditya Joshi,1,2884.7
CUST009111,Rahul Rao,1,2874.06
CUST007241,Ananya Iyer,1,2872.27
CUST002402,Aditya Reddy,1,2857.75
CUST008157,Rahul Verma,1,2788.3
CUST009397,Ananya Rao,1,2784.47
CUST008259,Meera Joshi,1,2760.39
CUST004449,Pooja Nair,1,2754.71
CUST006282,Priya Das,1,2743.58
CUST006370,Rohan Rao,1,2738.98
CUST006797,Karan Kumar,1,2717.4
CUST001720,Pooja Nair,1,2716.61
CUST004963,Karan Reddy,1,2707.86
CUST000098,Aditya Patel,1,2695.24
CUST007788,Kavya Iyer,1,2694.72
CUST001507,Karan Verma,1,2684.84
CUST001560,Pooja Gupta,1,2667.66
CUST005170,Karan Das,1,2660.4
CUST001664,Sneha Kumar,1,2642.06
CUST009261,Sneha Rao,1,2637.81
CUST001309,Priya Singh,1,2625.79
CUST004899,Priya Verma,1,2617.81
CUST000685,Kavya Gupta,1,2603.92
CUST009464,Pooja Mishra,1,2589.4
CUST001340,Sneha Mishra,1,2565.43
CUST002361,Karan Verma,1,2565.29
CUST002142,Amit Joshi,1,2549.59
CUST004743,Aditya Kumar,1,2534.07
CUST003954,Rohan Sharma,1,2516.59
CUST009545,Meera Rao,1,2514.72
CUST000489,Pooja Verma,1,2489.51
CUST005686,Neha Mehta,1,2478.06
CUST005500,Sneha Nair,1,2470.23
CUST000067,Pooja Nair,1,2425.28
CUST005585,Pooja Sharma,1,2359.34
CUST004232,Aditya Singh,1,2355.69
CUST000888,Ananya Gupta,1,2347.29
CUST008111,Sneha Singh,1,2347.25
CUST005398,Amit Verma,1,2335.96
CUST002938,Karan Sharma,1,2312.7
CUST007914,Nikhil Kapoor,1,2305.66
CUST006573,Neha Singh,1,2274.9
CUST002083,Rohan Joshi,1,2272.99
CUST006676,Rohan Verma,1,2271.58
CUST009440,Nikhil Sharma,1,2251.61
CUST005717,Ananya Sharma,1,2239.08
CUST006708,Priya Sharma,1,2234.99
CUST001031,Ananya Joshi,1,2208.43
CUST002733,Arjun Mehta,1,2206.97
CUST009774,Aditya Joshi,1,2187.93
CUST007622,Meera Gupta,1,2184.21
CUST004281,Meera Mishra,1,2173.27
CUST009364,Priya Verma,1,2166.72
CUST005040,Priya Patel,1,2163.59
CUST009135,Amit Joshi,1,2152.6
CUST002783,Vikram Verma,1,2142.89
CUST006946,Neha Sharma,1,2109.26
CUST005784,Karan Sharma,1,2083.38
CUST003002,Priya Singh,1,2074.92
CUST008155,Pooja Sharma,1,2043.15
CUST000625,Karan Singh,1,2034.54
CUST006906,Meera Patel,1,2019.15
CUST005985,Karan Kumar,1,2013.56
CUST000659,Pooja Kapoor,1,2004.2
CUST000477,Priya Joshi,1,1971.77
CUST008572,Pooja Kapoor,1,1966.38
CUST005907,Rohan Reddy,1,1964.38
CUST002776,Meera Das,1,1962.74
CUST006194,Karan Kapoor,1,1928.78
CUST007294,Arjun Nair,1,1893.35
CUST007499,Arjun Reddy,1,1892.04
CUST009132,Nikhil Singh,1,1876.21
CUST000045,Ananya Sharma,1,1869.28
CUST007093,Amit Kumar,1,1844.46
CUST007705,Meera Sharma,1,1809.49
CUST005811,Arjun Mishra,1,1806.27
CUST003623,Neha Nair,1,1804.58
CUST001706,Ananya Mehta,1,1802.92
CUST004381,Vikram Mehta,1,1784.31
CUST001178,Arjun Singh,1,1773.58
CUST005317,Rohan Sharma,1,1768.36
CUST001653,Rahul Das,1,1762.83
CUST009236,Sneha Patel,1,1760.82
CUST002996,Meera Gupta,1,1753.16
CUST003342,Sneha Das,1,1735.46
CUST007940,Rahul Mishra,1,1682.2
CUST008144,Aditya Kapoor,1,1679.66
CUST006388,Neha Kapoor,1,1674.58
CUST003660,Vikram Mehta,1,1656.04
CUST006054,Aditya Reddy,1,1656.03
CUST002467,Aditya Joshi,1,1645.7
CUST005257,Ananya Reddy,1,1643.65
CUST005031,Nikhil Mishra,1,1639.39
CUST009112,Meera Das,1,1634.09
CUST000522,Arjun Verma,1,1609.45
CUST008054,Vikram Mehta,1,1604.15
CUST009987,Aditya Das,1,1550.71
CUST007552,Ananya Sharma,1,1550.68
CUST004109,Ananya Mehta,1,1537.05
CUST004464,Kavya Gupta,1,1507.91
CUST008079,Sneha Joshi,1,1505.93
CUST004611,Aditya Mehta,1,1485.38
CUST008204,Meera Mishra,1,1440.92
CUST000023,Karan Reddy,1,1426.52
CUST003942,Aditya Reddy,1,1423.88
CUST002121,Arjun Mehta,1,1420.16
CUST008849,Priya Gupta,1,1410.2
CUST002991,Karan Patel,1,1400.36
CUST000770,Amit Kapoor,1,1400.29
CUST006530,Kavya Patel,1,1398.8
CUST008061,Nikhil Reddy,1,1363.23
CUST002264,Pooja Patel,1,1351.53
CUST000971,Arjun Reddy,1,1341.8
CUST008936,Aditya Singh,1,1341.57
CUST002234,Rahul Mehta,1,1318.56
CUST004884,Meera Iyer,1,1316.26
CUST007351,Rohan Das,1,1305.93
CUST001512,Arjun Singh,1,1291.63
CUST001604,Neha Sharma,1,1269.44
CUST008124,Meera Iyer,1,1265.91
CUST003829,Kavya Das,1,1258.65
CUST001618,Kavya Kumar,1,1257.85
CUST008630,Aditya Sharma,1,1252.98
CUST005529,Neha Sharma,1,1234.53
CUST001140,Meera Iyer,1,1233.88
CUST006413,Rahul Mishra,1,1221.33
CUST006942,Pooja Kapoor,1,1218.94
CUST007538,Karan Mishra,1,1217.27
CUST008024,Pooja Verma,1,1215.34
CUST004184,Rohan Iyer,1,1211.13
CUST002192,Amit Singh,1,1210.6
CUST008528,Ananya Kumar,1,1205.12
CUST009861,Amit Das,1,1164.62
CUST002086,Ananya Mehta,1,1164.61
CUST003592,Meera Kumar,1,1163.38
CUST006782,Kavya Sharma,1,1144.35
CUST008765,Vikram Reddy,1,1141.9
CUST006269,Amit Gupta,1,1139.27
CUST006056,Nikhil Verma,1,1138.2
CUST004793,Arjun Kapoor,1,1130.92
CUST006732,Nikhil Das,1,1130.29
CUST008098,Pooja Joshi,1,1119.49
CUST004012,Amit Mishra,1,1105.89
CUST006954,Vikram Gupta,1,1088.61
CUST002312,Neha Sharma,1,1083.76
CUST006739,Nikhil Nair,1,1083.0
CUST001672,Pooja Iyer,1,1081.5
CUST005857,Priya Verma,1,1073.64
CUST005555,Kavya Mehta,1,1073.06
CUST009932,Nikhil Gupta,1,1061.27
CUST002670,Rohan Singh,1,1053.77
CUST001870,Aditya Das,1,1029.63
CUST000660,Ananya Sharma,1,1014.23
CUST007001,Meera Kumar,1,1006.45
CUST002140,Sneha Rao,1,996.67
CUST003842,Kavya Joshi,1,985.68
CUST005997,Vikram Iyer,1,955.15
CUST001033,Vikram Das,1,950.33
CUST003321,Amit Gupta,1,943.4
CUST002345,Vikram Sharma,1,934.85
CUST003989,Rohan Sharma,1,904.3
CUST004828,Arjun Nair,1,882.64
CUST008189,Rahul Reddy,1,879.26
CUST004329,Nikhil Mishra,1,878.4
CUST006332,Aditya Patel,1,872.08
CUST006285,Vikram Reddy,1,871.26
CUST004851,Vikram Reddy,1,868.84
CUST004342,Meera Mishra,1,832.22
CUST009177,Amit Das,1,824.34
CUST007073,Pooja Reddy,1,803.88
CUST000491,Arjun Verma,1,776.88
CUST007671,Priya Kumar,1,771.97
CUST007504,Kavya Singh,1,770.29
CUST008469,Rohan Reddy,1,770.14
CUST009328,Amit Singh,1,767.04
CUST009819,Nikhil Mehta,1,760.82
CUST003894,Nikhil Reddy,1,758.8
CUST007256,Amit Nair,1,751.9
CUST005855,Arjun Gupta,1,746.68
CUST001809,Arjun Kumar,1,744.01
CUST009202,Amit Rao,1,736.36
CUST007668,Pooja Sharma,1,735.3
CUST004644,Meera Nair,1,720.21
CUST006783,Arjun Patel,1,708.67
CUST007656,Sneha Iyer,1,702.8
CUST000842,Rohan Das,1,694.01
CUST007156,Karan Nair,1,692.97
CUST008950,Amit Das,1,678.5
CUST007434,Sneha Kapoor,1,651.16
CUST006280,Karan Gupta,1,645.87
CUST006015,Pooja Kumar,1,644.29
CUST009719,Pooja Patel,1,643.38
CUST006459,Nikhil Nair,1,642.9
CUST002758,Aditya Iyer,1,642.08
CUST009253,Nikhil Iyer,1,642.02
CUST002990,Aditya Sharma,1,635.36
CUST004983,Rahul Iyer,1,635.34
CUST009335,Priya Nair,1,614.25
CUST006025,Vikram Sharma,1,607.46
CUST008274,Kavya Mehta,1,588.58
CUST000572,Rohan Sharma,1,583.99
CUST007206,Rohan Verma,1,573.25
CUST006803,Kavya Kumar,1,568.16
CUST003922,Priya Kapoor,1,563.16
CUST004242,Vikram Nair,1,548.17
CUST000237,Kavya Reddy,1,544.21
CUST006038,Ananya Rao,1,541.96
CUST002628,Aditya Joshi,1,529.39
CUST004238,Sneha Verma,1,521.92
CUST000639,Priya Das,1,515.21
CUST008562,Ananya Iyer,1,473.69
CUST001917,Arjun Kapoor,1,463.84
CUST002135,Priya Joshi,1,459.11
CUST000799,Ananya Gupta,1,452.58
CUST005678,Priya Mishra,1,415.37
CUST001579,Meera Das,1,413.69
CUST002449,Neha Sharma,1,407.81
CUST003392,Arjun Rao,1,356.28
CUST006944,Arjun Singh,1,353.83
CUST009500,Nikhil Kumar,1,341.92
CUST000759,Arjun Gupta,1,334.59
CUST008180,Vikram Mehta,1,325.33
CUST009908,Rohan Nair,1,295.67
CUST003302,Neha Joshi,1,295.59
CUST007472,Karan Reddy,1,276.0
CUST004369,Karan Verma,1,253.1
CUST000737,Aditya Mishra,1,250.28
CUST001275,Sneha Iyer,1,227.93
CUST001946,Pooja Singh,1,226.16
CUST002804,Ananya Joshi,1,223.34
CUST002983,Sneha Gupta,1,206.8
CUST007608,Meera Das,1,191.33
CUST007673,Karan Kapoor,1,189.1
CUST009370,Nikhil Rao,1,187.28
CUST000833,Aditya Iyer,1,186.56
CUST002179,Priya Kapoor,1,176.85
CUST001114,Vikram Kumar,1,153.16
CUST003658,Rohan Kapoor,1,152.79
CUST008725,Kavya Patel,1,148.4
CUST004672,Pooja Mishra,1,145.04
CUST001049,Meera Reddy,1,137.5
CUST008744,Pooja Kapoor,1,133.03
CUST004357,Aditya Sharma,1,112.72
CUST002470,Nikhil Das,1,105.15
CUST005634,Karan Kapoor,1,101.3
CUST002904,Nikhil Kapoor,1,85.75
CUST002185,Rohan Sharma,1,72.81
CUST008613,Kavya Patel,1,69.51
CUST008922,Pooja Sharma,1,53.85
CUST007028,Ananya Reddy,1,50.9
CUST001595,Amit Gupta,1,39.94
CUST001531,Nikhil Patel,1,33.31
CUST008058,Aditya Mehta,1,28.05
CUST008314,Kavya Kumar,1,25.04
CUST009013,Rohan Rao,1,24.79
CUST008595,Aditya Patel,1,23.59
CUST004734,Sneha Kumar,1,21.86
CUST009043,Aditya Gupta,1,16.54
CUST000002,Aditya Nair,1,0.0
CUST000004,Aditya Patel,1,0.0
CUST000015,Meera Gupta,1,0.0
CUST000040,Nikhil Sharma,1,0.0
CUST000041,Rahul Rao,1,0.0
CUST000052,Vikram Singh,1,0.0
CUST000053,Vikram Kumar,1,0.0
CUST000058,Vikram Kumar,1,0.0
CUST000066,Priya Mehta,1,0.0
CUST000092,Rohan Sharma,1,0.0
CUST000126,Amit Verma,1,0.0
CUST000130,Priya Mehta,1,0.0
CUST000139,Sneha Gupta,1,0.0
CUST000141,Rahul Iyer,1,0.0
CUST000149,Arjun Gupta,1,0.0
CUST000171,Rahul Nair,1,0.0
CUST000192,Neha Joshi,1,0.0
CUST000203,Sneha Mishra,1,0.0
CUST000235,Priya Kumar,1,0.0
CUST000269,Neha Joshi,1,0.0
CUST000285,Priya Sharma,1,0.0
CUST000303,Neha Kapoor,1,0.0
CUST000316,Amit Gupta,1,0.0
CUST000318,Nikhil Mishra,1,0.0
CUST000344,Vikram Sharma,1,0.0
CUST000348,Rahul Sharma,1,0.0
CUST000351,Pooja Mehta,1,0.0
CUST000354,Amit Joshi,1,0.0
CUST000360,Nikhil Mehta,1,0.0
CUST000363,Rohan Nair,1,0.0
CUST000370,Aditya Iyer,1,0.0
CUST000384,Aditya Kumar,1,0.0
CUST000401,Karan Mehta,1,0.0
CUST000415,Arjun Kumar,1,0.0
CUST000469,Nikhil Kumar,1,0.0
CUST000502,Amit Reddy,1,0.0
CUST000516,Neha Kumar,1,0.0
CUST000539,Vikram Mishra,1,0.0
CUST000549,Priya Rao,1,0.0
CUST000557,Neha Mishra,1,0.0
CUST000580,Priya Das,1,0.0
CUST000590,Priya Reddy,1,0.0
CUST000636,Neha Verma,1,0.0
CUST000679,Amit Sharma,1,0.0
CUST000713,Kavya Nair,1,0.0
CUST000715,Neha Verma,1,0.0
CUST000726,Neha Singh,1,0.0
CUST000727,Arjun Gupta,1,0.0
CUST000794,Vikram Joshi,1,0.0
CUST000796,Priya Patel,1,0.0
CUST000814,Sneha Sharma,1,0.0
CUST000837,Neha Nair,1,0.0
CUST000843,Aditya Joshi,1,0.0
CUST000844,Karan Verma,1,0.0
CUST000862,Nikhil Kapoor,1,0.0
CUST000892,Ananya Verma,1,0.0
CUST000897,Karan Kapoor,1,0.0
CUST000903,Vikram Kapoor,1,0.0
CUST000905,Vikram Joshi,1,0.0
CUST000908,Ananya Singh,1,0.0
CUST000953,Amit Patel,1,0.0
CUST000957,Aditya Gupta,1,0.0
CUST000972,Aditya Gupta,1,0.0
CUST000990,Karan Gupta,1,0.0
CUST001000,Nikhil Sharma,1,0.0
CUST001030,Meera Joshi,1,0.0
CUST001061,Ananya Kumar,1,0.0
CUST001088,Rahul Mehta,1,0.0
CUST001097,Priya Iyer,1,0.0
CUST001119,Amit Kumar,1,0.0
CUST001124,Rohan Sharma,1,0.0
CUST001125,Arjun Kumar,1,0.0
CUST001128,Karan Kumar,1,0.0
CUST001129,Nikhil Sharma,1,0.0
CUST001158,Rahul Patel,1,0.0
CUST001168,Arjun Iyer,1,0.0
CUST001173,Sneha Sharma,1,0.0
CUST001214,Priya Patel,1,0.0
CUST001218,Amit Iyer,1,0.0
CUST001221,Kavya Joshi,1,0.0
CUST001244,Priya Joshi,1,0.0
CUST001268,Arjun Das,1,0.0
CUST001299,Pooja Iyer,1,0.0
CUST001308,Aditya Mishra,1,0.0
CUST001323,Kavya Das,1,0.0
CUST001337,Nikhil Rao,1,0.0
CUST001341,Amit Rao,1,0.0
CUST001359,Meera Singh,1,0.0
CUST001380,Priya Das,1,0.0
CUST001401,Meera Kumar,1,0.0
CUST001410,Neha Gupta,1,0.0
CUST001428,Karan Sharma,1,0.0
CUST001470,Priya Sharma,1,0.0
CUST001477,Ananya Gupta,1,0.0
CUST001483,Pooja Gupta,1,0.0
CUST001487,Nikhil Mishra,1,0.0
CUST001516,Karan Patel,1,0.0
CUST001519,Rahul Patel,1,0.0
CUST001539,Sneha Gupta,1,0.0
CUST001564,Aditya Gupta,1,0.0
CUST001589,Karan Gupta,1,0.0
CUST001597,Aditya Das,1,0.0
CUST001603,Rahul Verma,1,0.0
CUST001625,Pooja Iyer,1,0.0
CUST001630,Amit Iyer,1,0.0
CUST001650,Arjun Singh,1,0.0
CUST001661,Meera Sharma,1,0.0
CUST001665,Ananya Gupta,1,0.0
CUST001674,Aditya Reddy,1,0.0
CUST001688,Nikhil Nair,1,0.0
CUST001693,Nikhil Kumar,1,0.0
CUST001741,Meera Kumar,1,0.0
CUST001787,Karan Reddy,1,0.0
CUST001802,Sneha Kumar,1,0.0
CUST001807,Priya Reddy,1,0.0
CUST001810,Ananya Rao,1,0.0
CUST001825,Karan Sharma,1,0.0
CUST001828,Ananya Iyer,1,0.0
CUST001866,Kavya Iyer,1,0.0
CUST001869,Neha Mishra,1,0.0
CUST001878,Pooja Kapoor,1,0.0
CUST001886,Nikhil Verma,1,0.0
CUST001930,Ananya Nair,1,0.0
CUST001934,Meera Joshi,1,0.0
CUST001938,Karan Kumar,1,0.0
CUST001948,Kavya Singh,1,0.0
CUST001949,Sneha Iyer,1,0.0
CUST001976,Rohan Mishra,1,0.0
CUST002001,Sneha Verma,1,0.0
CUST002004,Rahul Das,1,0.0
CUST002042,Karan Nair,1,0.0
CUST002134,Arjun Mishra,1,0.0
CUST002196,Priya Reddy,1,0.0
CUST002197,Neha Kumar,1,0.0
CUST002203,Aditya Reddy,1,0.0
CUST002204,Arjun Das,1,0.0
CUST002206,Pooja Mishra,1,0.0
CUST002220,Karan Mehta,1,0.0
CUST002237,Neha Sharma,1,0.0
CUST002249,Aditya Sharma,1,0.0
CUST002253,Nikhil Das,1,0.0
CUST002277,Nikhil Iyer,1,0.0
CUST002290,Neha Patel,1,0.0
CUST002301,Sneha Verma,1,0.0
CUST002302,Meera Singh,1,0.0
CUST002328,Rahul Sharma,1,0.0
CUST002339,Meera Nair,1,0.0
CUST002362,Rahul Kumar,1,0.0
CUST002404,Rahul Patel,1,0.0
CUST002406,Nikhil Reddy,1,0.0
CUST002426,Pooja Iyer,1,0.0
CUST002429,Kavya Sharma,1,0.0
CUST002433,Nikhil Joshi,1,0.0
CUST002451,Amit Singh,1,0.0
CUST002478,Priya Das,1,0.0
CUST002504,Karan Reddy,1,0.0
CUST002505,Priya Mehta,1,0.0
CUST002561,Karan Sharma,1,0.0
CUST002573,Meera Gupta,1,0.0
CUST002595,Nikhil Joshi,1,0.0
CUST002596,Rahul Singh,1,0.0
CUST002614,Rohan Kapoor,1,0.0
CUST002615,Kavya Verma,1,0.0
CUST002616,Amit Iyer,1,0.0
CUST002640,Vikram Das,1,0.0
CUST002687,Pooja Gupta,1,0.0
CUST002714,Nikhil Kumar,1,0.0
CUST002718,Vikram Patel,1,0.0
CUST002719,Arjun Das,1,0.0
CUST002723,Neha Singh,1,0.0
CUST002739,Karan Das,1,0.0
CUST002750,Karan Patel,1,0.0
CUST002787,Vikram Das,1,0.0
CUST002824,Sneha Nair,1,0.0
CUST002829,Meera Singh,1,0.0
CUST002837,Nikhil Das,1,0.0
CUST002852,Nikhil Mishra,1,0.0
CUST002899,Ananya Kumar,1,0.0
CUST002922,Ananya Kumar,1,0.0
CUST002934,Aditya Mishra,1,0.0
CUST002937,Sneha Reddy,1,0.0
CUST002939,Rahul Patel,1,0.0
CUST002940,Aditya Mishra,1,0.0
CUST002960,Arjun Mehta,1,0.0
CUST002964,Nikhil Nair,1,0.0
CUST002969,Karan Iyer,1,0.0
CUST002973,Meera Kumar,1,0.0
CUST002979,Meera Nair,1,0.0
CUST003024,Meera Patel,1,0.0
CUST003042,Karan Verma,1,0.0
CUST003059,Karan Joshi,1,0.0
CUST003073,Pooja Joshi,1,0.0
CUST003074,Meera Joshi,1,0.0
CUST003085,Rahul Iyer,1,0.0
CUST003086,Sneha Joshi,1,0.0
CUST003107,Kavya Patel,1,0.0
CUST003121,Aditya Mehta,1,0.0
CUST003128,Rahul Sharma,1,0.0
CUST003130,Priya Patel,1,0.0
CUST003148,Meera Kapoor,1,0.0
CUST003156,Rahul Patel,1,0.0
CUST003167,Rahul Mehta,1,0.0
CUST003173,Ananya Kumar,1,0.0
CUST003174,Neha Sharma,1,0.0
CUST003185,Vikram Kapoor,1,0.0
CUST003188,Arjun Singh,1,0.0
CUST003193,Neha Patel,1,0.0
CUST003207,Amit Patel,1,0.0
CUST003221,Priya Mehta,1,0.0
CUST003239,Arjun Kapoor,1,0.0
CUST003245,Rahul Patel,1,0.0
CUST003281,Vikram Das,1,0.0
CUST003282,Rahul Reddy,1,0.0
CUST003293,Arjun Das,1,0.0
CUST003312,Priya Reddy,1,0.0
CUST003350,Rohan Gupta,1,0.0
CUST003372,Nikhil Kapoor,1,0.0
CUST003374,Amit Patel,1,0.0
CUST003385,Neha Sharma,1,0.0
CUST003422,Arjun Patel,1,0.0
CUST003428,Rohan Reddy,1,0.0
CUST003434,Pooja Kapoor,1,0.0
CUST003440,Pooja Mishra,1,0.0
CUST003476,Meera Das,1,0.0
CUST003477,Pooja Kumar,1,0.0
CUST003506,Ananya Joshi,1,0.0
CUST003509,Ananya Iyer,1,0.0
CUST003512,Priya Iyer,1,0.0
CUST003532,Sneha Nair,1,0.0
CUST003546,Ananya Reddy,1,0.0
CUST003549,Neha Mishra,1,0.0
CUST003564,Priya Kapoor,1,0.0
CUST003582,Arjun Nair,1,0.0
CUST003654,Arjun Kumar,1,0.0
CUST003697,Ananya Iyer,1,0.0
CUST003713,Rahul Joshi,1,0.0
CUST003716,Amit Rao,1,0.0
CUST003734,Meera Joshi,1,0.0
CUST003755,Amit Iyer,1,0.0
CUST003772,Neha Kumar,1,0.0
CUST003775,Neha Joshi,1,0.0
CUST003793,Karan Iyer,1,0.0
CUST003795,Aditya Gupta,1,0.0
CUST003797,Priya Kapoor,1,0.0
CUST003804,Rahul Kumar,1,0.0
CUST003879,Meera Joshi,1,0.0
CUST003909,Rohan Singh,1,0.0
CUST003939,Karan Kapoor,1,0.0
CUST003966,Neha Rao,1,0.0
CUST004002,Vikram Mishra,1,0.0
CUST004010,Meera Verma,1,0.0
CUST004029,Priya Nair,1,0.0
CUST004034,Karan Singh,1,0.0
CUST004081,Rohan Patel,1,0.0
CUST004086,Rahul Sharma,1,0.0
CUST004099,Rohan Joshi,1,0.0
CUST004112,Vikram Rao,1,0.0
CUST004156,Priya Kapoor,1,0.0
CUST004161,Nikhil Nair,1,0.0
CUST004163,Priya Joshi,1,0.0
CUST004186,Aditya Reddy,1,0.0
CUST004192,Karan Joshi,1,0.0
CUST004195,Nikhil Gupta,1,0.0
CUST004202,Arjun Joshi,1,0.0
CUST004228,Amit Iyer,1,0.0
CUST004246,Meera Das,1,0.0
CUST004248,Sneha Reddy,1,0.0
CUST004258,Priya Iyer,1,0.0
CUST004269,Amit Patel,1,0.0
CUST004285,Meera Kumar,1,0.0
CUST004303,Sneha Nair,1,0.0
CUST004317,Nikhil Sharma,1,0.0
CUST004362,Kavya Iyer,1,0.0
CUST004394,Meera Sharma,1,0.0
CUST004400,Rohan Singh,1,0.0
CUST004409,Neha Kumar,1,0.0
CUST004418,Vikram Das,1,0.0
CUST004424,Kavya Reddy,1,0.0
CUST004462,Arjun Kapoor,1,0.0
CUST004508,Vikram Joshi,1,0.0
CUST004516,Kavya Reddy,1,0.0
CUST004518,Sneha Iyer,1,0.0
CUST004524,Amit Rao,1,0.0
CUST004528,Aditya Rao,1,0.0
CUST004536,Sneha Iyer,1,0.0
CUST004548,Priya Mishra,1,0.0
CUST004558,Arjun Mehta,1,0.0
CUST004585,Amit Reddy,1,0.0
CUST004592,Kavya Verma,1,0.0
CUST004629,Amit Iyer,1,0.0
CUST004649,Neha Nair,1,0.0
CUST004660,Kavya Reddy,1,0.0
CUST004661,Nikhil Patel,1,0.0
CUST004697,Vikram Singh,1,0.0
CUST004703,Amit Kapoor,1,0.0
CUST004727,Vikram Joshi,1,0.0
CUST004732,Meera Sharma,1,0.0
CUST004745,Kavya Mehta,1,0.0
CUST004761,Amit Das,1,0.0
CUST004768,Priya Kapoor,1,0.0
CUST004772,Ananya Nair,1,0.0
CUST004775,Vikram Nair,1,0.0
CUST004807,Vikram Gupta,1,0.0
CUST004865,Ananya Iyer,1,0.0
CUST004887,Amit Mehta,1,0.0
CUST004905,Ananya Kapoor,1,0.0
CUST004910,Rahul Sharma,1,0.0
CUST004915,Pooja Das,1,0.0
CUST004918,Pooja Gupta,1,0.0
CUST004920,Pooja Singh,1,0.0
CUST004921,Karan Nair,1,0.0
CUST004932,Nikhil Gupta,1,0.0
CUST004942,Kavya Nair,1,0.0
CUST004972,Kavya Mehta,1,0.0
CUST004984,Karan Iyer,1,0.0
CUST005000,Vikram Mehta,1,0.0
CUST005021,Neha Rao,1,0.0
CUST005029,Kavya Mehta,1,0.0
CUST005055,Karan Singh,1,0.0
CUST005088,Aditya Iyer,1,0.0
CUST005109,Sneha Kapoor,1,0.0
CUST005112,Rohan Sharma,1,0.0
CUST005117,Aditya Sharma,1,0.0
CUST005135,Amit Iyer,1,0.0
CUST005143,Vikram Iyer,1,0.0
CUST005174,Sneha Mehta,1,0.0
CUST005237,Nikhil Sharma,1,0.0
CUST005242,Pooja Mehta,1,0.0
CUST005263,Ananya Mishra,1,0.0
CUST005264,Vikram Sharma,1,0.0
CUST005267,Rohan Mishra,1,0.0
CUST005272,Vikram Patel,1,0.0
CUST005281,Neha Iyer,1,0.0
CUST005285,Ananya Mishra,1,0.0
CUST005290,Rahul Singh,1,0.0
CUST005303,Rahul Das,1,0.0
CUST005304,Arjun Gupta,1,0.0
CUST005307,Neha Das,1,0.0
CUST005321,Nikhil Joshi,1,0.0
CUST005397,Amit Iyer,1,0.0
CUST005405,Rahul Iyer,1,0.0
CUST005408,Karan Sharma,1,0.0
CUST005455,Sneha Mehta,1,0.0
CUST005458,Neha Mehta,1,0.0
CUST005463,Amit Reddy,1,0.0
CUST005467,Rohan Singh,1,0.0
CUST005477,Rohan Iyer,1,0.0
CUST005493,Ananya Patel,1,0.0
CUST005531,Sneha Verma,1,0.0
CUST005558,Vikram Mehta,1,0.0
CUST005581,Karan Kumar,1,0.0
CUST005606,Kavya Mishra,1,0.0
CUST005618,Vikram Das,1,0.0
CUST005624,Meera Kapoor,1,0.0
CUST005660,Nikhil Gupta,1,0.0
CUST005692,Vikram Nair,1,0.0
CUST005710,Ananya Nair,1,0.0
CUST005714,Amit Singh,1,0.0
CUST005790,Nikhil Sharma,1,0.0
CUST005807,Pooja Das,1,0.0
CUST005824,Rohan Iyer,1,0.0
CUST005830,Aditya Joshi,1,0.0
CUST005842,Neha Kapoor,1,0.0
CUST005847,Pooja Singh,1,0.0
CUST005848,Aditya Mehta,1,0.0
CUST005867,Aditya Singh,1,0.0
CUST005876,Nikhil Verma,1,0.0
CUST005886,Rahul Joshi,1,0.0
CUST005891,Sneha Gupta,1,0.0
CUST005902,Pooja Mishra,1,0.0
CUST005918,Pooja Iyer,1,0.0
CUST005948,Karan Verma,1,0.0
CUST005971,Priya Iyer,1,0.0
CUST006034,Ananya Rao,1,0.0
CUST006036,Rohan Joshi,1,0.0
CUST006047,Ananya Iyer,1,0.0
CUST006051,Ananya Sharma,1,0.0
CUST006052,Arjun Das,1,0.0
CUST006071,Neha Singh,1,0.0
CUST006077,Neha Gupta,1,0.0
CUST006086,Priya Reddy,1,0.0
CUST006096,Nikhil Reddy,1,0.0
CUST006098,Nikhil Singh,1,0.0
CUST006105,Rahul Mishra,1,0.0
CUST006111,Nikhil Nair,1,0.0
CUST006115,Amit Verma,1,0.0
CUST006124,Aditya Joshi,1,0.0
CUST006142,Rahul Sharma,1,0.0
CUST006171,Kavya Singh,1,0.0
CUST006191,Aditya Mishra,1,0.0
CUST006239,Vikram Mehta,1,0.0
CUST006261,Karan Sharma,1,0.0
CUST006288,Meera Patel,1,0.0
CUST006296,Amit Joshi,1,0.0
CUST006317,Sneha Iyer,1,0.0
CUST006321,Rohan Rao,1,0.0
CUST006325,Karan Gupta,1,0.0
CUST006338,Rohan Das,1,0.0
CUST006342,Neha Joshi,1,0.0
CUST006371,Arjun Reddy,1,0.0
CUST006456,Rahul Gupta,1,0.0
CUST006466,Meera Iyer,1,0.0
CUST006471,Rahul Singh,1,0.0
CUST006518,Kavya Rao,1,0.0
CUST006520,Neha Kapoor,1,0.0
CUST006547,Amit Patel,1,0.0
CUST006560,Pooja Rao,1,0.0
CUST006586,Ananya Mishra,1,0.0
CUST006605,Priya Reddy,1,0.0
CUST006623,Priya Patel,1,0.0
CUST006633,Vikram Mehta,1,0.0
CUST006639,Nikhil Reddy,1,0.0
CUST006665,Neha Mishra,1,0.0
CUST006678,Priya Das,1,0.0
CUST006761,Ananya Sharma,1,0.0
CUST006801,Sneha Verma,1,0.0
CUST006815,Ananya Joshi,1,0.0
CUST006831,Nikhil Patel,1,0.0
CUST006851,Kavya Rao,1,0.0
CUST006853,Aditya Singh,1,0.0
CUST006894,Priya Joshi,1,0.0
CUST006916,Sneha Mehta,1,0.0
CUST006919,Karan Mishra,1,0.0
CUST006924,Nikhil Kumar,1,0.0
CUST006972,Pooja Kapoor,1,0.0
CUST007017,Vikram Nair,1,0.0
CUST007035,Pooja Gupta,1,0.0
CUST007049,Neha Joshi,1,0.0
CUST007071,Priya Mehta,1,0.0
CUST007086,Rohan Kumar,1,0.0
CUST007100,Rahul Verma,1,0.0
CUST007112,Kavya Mehta,1,0.0
CUST007119,Neha Mishra,1,0.0
CUST007158,Amit Mishra,1,0.0
CUST007167,Neha Gupta,1,0.0
CUST007172,Kavya Patel,1,0.0
CUST007190,Pooja Singh,1,0.0
CUST007202,Aditya Joshi,1,0.0
CUST007215,Karan Reddy,1,0.0
CUST007231,Sneha Verma,1,0.0
CUST007236,Neha Patel,1,0.0
CUST007243,Pooja Patel,1,0.0
CUST007248,Karan Kapoor,1,0.0
CUST007269,Arjun Kumar,1,0.0
CUST007289,Karan Joshi,1,0.0
CUST007292,Karan Patel,1,0.0
CUST007297,Neha Gupta,1,0.0
CUST007308,Meera Iyer,1,0.0
CUST007316,Pooja Gupta,1,0.0
CUST007335,Arjun Kapoor,1,0.0
CUST007339,Pooja Verma,1,0.0
CUST007352,Rahul Joshi,1,0.0
CUST007366,Meera Iyer,1,0.0
CUST007384,Priya Joshi,1,0.0
CUST007404,Sneha Das,1,0.0
CUST007486,Amit Kapoor,1,0.0
CUST007500,Priya Das,1,0.0
CUST007506,Amit Joshi,1,0.0
CUST007510,Amit Verma,1,0.0
CUST007514,Kavya Gupta,1,0.0
CUST007517,Karan Kapoor,1,0.0
CUST007532,Ananya Mishra,1,0.0
CUST007544,Nikhil Gupta,1,0.0
CUST007558,Nikhil Nair,1,0.0
CUST007561,Pooja Mehta,1,0.0
CUST007566,Nikhil Verma,1,0.0
CUST007571,Nikhil Verma,1,0.0
CUST007583,Amit Mishra,1,0.0
CUST007611,Amit Joshi,1,0.0
CUST007613,Karan Mishra,1,0.0
CUST007643,Vikram Kumar,1,0.0
CUST007667,Rahul Iyer,1,0.0
CUST007669,Sneha Kumar,1,0.0
CUST007699,Kavya Gupta,1,0.0
CUST007712,Vikram Mishra,1,0.0
CUST007720,Pooja Rao,1,0.0
CUST007735,Amit Nair,1,0.0
CUST007749,Priya Sharma,1,0.0
CUST007775,Meera Verma,1,0.0
CUST007798,Arjun Rao,1,0.0
CUST007800,Amit Verma,1,0.0
CUST007820,Vikram Iyer,1,0.0
CUST007822,Aditya Iyer,1,0.0
CUST007843,Arjun Kumar,1,0.0
CUST007846,Nikhil Kapoor,1,0.0
CUST007858,Neha Kapoor,1,0.0
CUST007876,Karan Reddy,1,0.0
CUST007888,Meera Kumar,1,0.0
CUST007944,Ananya Kapoor,1,0.0
CUST007962,Rahul Patel,1,0.0
CUST007978,Vikram Mehta,1,0.0
CUST007979,Priya Nair,1,0.0
CUST008004,Ananya Mehta,1,0.0
CUST008013,Nikhil Sharma,1,0.0
CUST008019,Sneha Mishra,1,0.0
CUST008022,Amit Mehta,1,0.0
CUST008038,Rahul Gupta,1,0.0
CUST008043,Sneha Patel,1,0.0
CUST008044,Sneha Nair,1,0.0
CUST008048,Neha Das,1,0.0
CUST008063,Rahul Mishra,1,0.0
CUST008068,Amit Reddy,1,0.0
CUST008094,Nikhil Gupta,1,0.0
CUST008146,Priya Iyer,1,0.0
CUST008152,Aditya Patel,1,0.0
CUST008164,Nikhil Das,1,0.0
CUST008175,Karan Kapoor,1,0.0
CUST008197,Priya Rao,1,0.0
CUST008215,Kavya Mehta,1,0.0
CUST008249,Aditya Mishra,1,0.0
CUST008256,Arjun Singh,1,0.0
CUST008302,Neha Singh,1,0.0
CUST008319,Sneha Rao,1,0.0
CUST008375,Karan Gupta,1,0.0
CUST008376,Arjun Rao,1,0.0
CUST008382,Karan Gupta,1,0.0
CUST008390,Meera Kapoor,1,0.0
CUST008402,Ananya Verma,1,0.0
CUST008420,Ananya Nair,1,0.0
CUST008430,Vikram Gupta,1,0.0
CUST008462,Amit Verma,1,0.0
CUST008480,Meera Kumar,1,0.0
CUST008495,Arjun Nair,1,0.0
CUST008497,Rohan Gupta,1,0.0
CUST008498,Aditya Nair,1,0.0
CUST008506,Sneha Kumar,1,0.0
CUST008549,Rahul Singh,1,0.0
CUST008570,Meera Nair,1,0.0
CUST008581,Vikram Sharma,1,0.0
CUST008618,Karan Kumar,1,0.0
CUST008652,Aditya Joshi,1,0.0
CUST008661,Sneha Nair,1,0.0
CUST008667,Kavya Patel,1,0.0
CUST008670,Vikram Joshi,1,0.0
CUST008674,Sneha Mehta,1,0.0
CUST008681,Priya Iyer,1,0.0
CUST008683,Priya Nair,1,0.0
CUST008687,Arjun Reddy,1,0.0
CUST008696,Karan Joshi,1,0.0
CUST008699,Arjun Iyer,1,0.0
CUST008732,Rahul Singh,1,0.0
CUST008773,Nikhil Das,1,0.0
CUST008796,Neha Nair,1,0.0
CUST008799,Kavya Kapoor,1,0.0
CUST008804,Ananya Patel,1,0.0
CUST008805,Priya Rao,1,0.0
CUST008872,Neha Kapoor,1,0.0
CUST008873,Meera Verma,1,0.0
CUST008874,Rahul Kumar,1,0.0
CUST008888,Nikhil Singh,1,0.0
CUST008933,Neha Sharma,1,0.0
CUST008953,Rahul Singh,1,0.0
CUST008959,Sneha Verma,1,0.0
CUST008987,Aditya Gupta,1,0.0
CUST008989,Pooja Patel,1,0.0
CUST009024,Amit Kumar,1,0.0
CUST009065,Karan Joshi,1,0.0
CUST009081,Rahul Kapoor,1,0.0
CUST009167,Pooja Sharma,1,0.0
CUST009170,Pooja Mishra,1,0.0
CUST009172,Pooja Singh,1,0.0
CUST009176,Rohan Kapoor,1,0.0
CUST009184,Arjun Kapoor,1,0.0
CUST009244,Nikhil Das,1,0.0
CUST009273,Ananya Singh,1,0.0
CUST009276,Nikhil Mehta,1,0.0
CUST009277,Vikram Nair,1,0.0
CUST009298,Arjun Rao,1,0.0
CUST009317,Pooja Kumar,1,0.0
CUST009321,Rahul Sharma,1,0.0
CUST009323,Priya Reddy,1,0.0
CUST009345,Ananya Kapoor,1,0.0
CUST009352,Aditya Iyer,1,0.0
CUST009361,Priya Singh,1,0.0
CUST009415,Karan Rao,1,0.0
CUST009423,Kavya Rao,1,0.0
CUST009449,Pooja Mehta,1,0.0
CUST009461,Meera Singh,1,0.0
CUST009476,Amit Nair,1,0.0
CUST009479,Rohan Mishra,1,0.0
CUST009509,Arjun Das,1,0.0
CUST009523,Rahul Joshi,1,0.0
CUST009534,Vikram Kapoor,1,0.0
CUST009536,Rohan Mehta,1,0.0
CUST009538,Pooja Kapoor,1,0.0
CUST009581,Aditya Reddy,1,0.0
CUST009601,Amit Mishra,1,0.0
CUST009660,Karan Mishra,1,0.0
CUST009665,Sneha Singh,1,0.0
CUST009676,Vikram Das,1,0.0
CUST009685,Rahul Verma,1,0.0
CUST009688,Rahul Mishra,1,0.0
CUST009727,Arjun Verma,1,0.0
CUST009732,Amit Das,1,0.0
CUST009748,Meera Nair,1,0.0
CUST009753,Priya Kumar,1,0.0
CUST009783,Rahul Verma,1,0.0
CUST009788,Ananya Kumar,1,0.0
CUST009795,Pooja Patel,1,0.0
CUST009797,Aditya Mishra,1,0.0
CUST009816,Vikram Mehta,1,0.0
CUST009828,Sneha Iyer,1,0.0
CUST009854,Ananya Rao,1,0.0
CUST009855,Vikram Das,1,0.0
CUST009856,Neha Kapoor,1,0.0
CUST009871,Sneha Nair,1,0.0
CUST009876,Sneha Sharma,1,0.0
CUST009886,Priya Mishra,1,0.0
CUST009900,Rahul Kapoor,1,0.0
CUST009902,Rohan Verma,1,0.0
CUST009924,Aditya Patel,1,0.0
CUST009949,Vikram Das,1,0.0
CUST009951,Neha Sharma,1,0.0
CUST009954,Priya Verma,1,0.0
CUST009970,Rahul Joshi,1,0.0
CUST009975,Sneha Mehta,1,0.0
CUST009978,Amit Singh,1,0.0
